URI,name,alternative-fr,alternative-nl,alternative-de,alternative-en,country-code,longitude,latitude,avg_stop_times,Weekday,Saturday,Sunday,Total
http://irail.be/stations/NMBS/008895000,Aalst,Alost,,,,be,4.039653,50.942813,88.26300578,5827,2271,1942,33348
http://irail.be/stations/NMBS/008895125,Aalst-Kerrebroek,,,,,be,4.024407,50.948377,7.297687861,#N/A,#N/A,#N/A,#N/A
http://irail.be/stations/NMBS/008891140,Aalter,,,,,be,3.447848,51.092295,78.48843931,2021,794,807,11706
http://irail.be/stations/NMBS/008833209,Aarschot,,,,,be,4.824043,50.984406,123.800578,5240,2269,2038,30507
http://irail.be/stations/NMBS/008892288,Aarsele,,,,,be,3.418363,50.98446,2.476878613,#N/A,#N/A,#N/A,#N/A
http://irail.be/stations/NMBS/008886546,Acren,,Akren,,,be,3.847086,50.733095,27.1416185,231,93,113,1361
http://irail.be/stations/NMBS/008874583,Aiseau,,,,,be,4.584552,50.429529,16.47398844,157,31,41,857
http://irail.be/stations/NMBS/008831039,Alken,,,,,be,5.292866,50.886837,37.95375723,609,231,222,3498
http://irail.be/stations/NMBS/008843331,Amay,,,,,be,5.32049,50.546011,21.65317919,#N/A,#N/A,#N/A,#N/A
http://irail.be/stations/NMBS/008843323,Ampsin,,,,,be,5.289729,50.539215,21.65317919,#N/A,#N/A,#N/A,#N/A
http://irail.be/stations/NMBS/008863404,Andenne,,,,,be,5.094699,50.496759,55.0433526,1651,305,333,8893
http://irail.be/stations/NMBS/008842002,Angleur,,,,,be,5.599695,50.613152,87.1300578,878,163,181,4734
http://irail.be/stations/NMBS/008841202,Ans,,,,,be,5.509704,50.661208,53.23988439,1639,169,130,8494
http://irail.be/stations/NMBS/008863818,Anseremme,,,,,be,4.90553,50.238023,18.15606936,#N/A,#N/A,#N/A,#N/A
http://irail.be/stations/NMBS/008885522,Antoing,,,,,be,3.451309,50.569626,31.72543353,#N/A,#N/A,#N/A,#N/A
http://irail.be/stations/NMBS/008821121,Antwerpen-Berchem,Anvers-Berchem,,,Antwerp-Berchem,be,4.432221,51.19923,421.6445087,14747,11372,10689,95796
http://irail.be/stations/NMBS/008821006,Antwerpen-Centraal,Anvers-Central,,,Antwerp-Central,be,4.421101,51.2172,467.982659,37591,25163,21350,234468
http://irail.be/stations/NMBS/008821048,Antwerpen-Haven,Anvers-Haven,,,Antwerp-Haven,be,4.379086,51.289968,0,#N/A,#N/A,#N/A,#N/A
http://irail.be/stations/NMBS/008821063,Antwerpen-Luchtbal,Anvers-Luchtbal,,,Antwerp-Luchtbal,be,4.425029,51.244132,48.54046243,#N/A,#N/A,#N/A,#N/A
http://irail.be/stations/NMBS/008821089,Antwerpen-Noorderdokken,Anvers-Noorderdokken,,,Antwerp-Noorderdokken,be,4.427906,51.261643,22.24277457,#N/A,#N/A,#N/A,#N/A
http://irail.be/stations/NMBS/008821022,Antwerpen-Oost,Anvers-Est,,,Antwerp-East,be,4.436392,51.207357,0,#N/A,#N/A,#N/A,#N/A
http://irail.be/stations/NMBS/008821196,Antwerpen-Zuid,Anvers-Sud,,,Antwerp-South,be,4.390259,51.197828,71.19364162,3338,658,808,18156
http://irail.be/stations/NMBS/008892734,Anzegem,,,,,be,3.495014,50.826385,22.65028902,#N/A,#N/A,#N/A,#N/A
http://irail.be/stations/NMBS/008895745,Appelterre,,,,,be,3.972108,50.813063,26.86416185,#N/A,#N/A,#N/A,#N/A
http://irail.be/stations/NMBS/008811759,Archennes,,Eerken,,,be,4.662444,50.754345,49.89595376,#N/A,#N/A,#N/A,#N/A
http://irail.be/stations/NMBS/008866001,Arlon,,Aarlen,Arel,,be,5.809971,49.68053,85.71387283,5294,1441,3285,31196
http://irail.be/stations/NMBS/008812070,Asse,,,,,be,4.207985,50.906488,38.58959538,1223,173,161,6449
http://irail.be/stations/NMBS/008864931,Assesse,,,,,be,5.022839,50.368133,27.20520231,#N/A,#N/A,#N/A,#N/A
http://irail.be/stations/NMBS/008886009,Ath,,Aat,,,be,3.777429,50.626932,66.29479769,4287,2385,2455,26275
http://irail.be/stations/NMBS/008866605,Athus,,,Athem,,be,5.828947,49.563346,93.33815029,#N/A,#N/A,#N/A,#N/A
http://irail.be/stations/NMBS/008866654,Aubange,,,,,be,5.79806,49.564093,18,#N/A,#N/A,#N/A,#N/A
http://irail.be/stations/NMBS/008874716,Auvelais,,,,,be,4.630532,50.449197,37.87283237,562,261,220,3291
http://irail.be/stations/NMBS/008864352,Aye,,,,,be,5.301091,50.224135,19.11271676,#N/A,#N/A,#N/A,#N/A
http://irail.be/stations/NMBS/008842754,Aywaille,,,,,be,5.672499,50.472938,20.53757225,#N/A,#N/A,#N/A,#N/A
http://irail.be/stations/NMBS/008822160,Baasrode-Zuid,Baesrode-Sud,,,,be,4.153492,51.019437,17.02023121,195,0,0,975
http://irail.be/stations/NMBS/008895257,Balegem-Dorp,,,,,be,3.791425,50.919612,26.70809249,#N/A,#N/A,#N/A,#N/A
http://irail.be/stations/NMBS/008895240,Balegem-Zuid,,,,,be,3.80587,50.90051,20.17630058,#N/A,#N/A,#N/A,#N/A
http://irail.be/stations/NMBS/008832045,Balen,Baelen,,,,be,5.164986,51.169099,28.39306358,257,128,100,1513
http://irail.be/stations/NMBS/008895463,Bambrugge,,,,,be,3.935711,50.913769,7.297687861,#N/A,#N/A,#N/A,#N/A
http://irail.be/stations/NMBS/008864451,Barvaux,,,,,be,5.501542,50.349417,25.34682081,523,104,138,2857
http://irail.be/stations/NMBS/008843430,Bas-Oha,,,,,be,5.190937,50.52263,24.32080925,#N/A,#N/A,#N/A,#N/A
http://irail.be/stations/NMBS/008811734,Basse-Wavre,,,,,be,4.621651,50.72442,50.13872832,#N/A,#N/A,#N/A,#N/A
http://irail.be/stations/NMBS/008865128,Bastogne-Nord,,Bastenaken-Noord,,,be,5.720744,50.006919,0,#N/A,#N/A,#N/A,#N/A
http://irail.be/stations/NMBS/008865110,Bastogne-Sud,,Bastenaken-Zuid,,,be,5.709858,49.999737,0,#N/A,#N/A,#N/A,#N/A
http://irail.be/stations/NMBS/008863867,Beauraing,,,,,be,4.95684,50.11443,16.17630058,#N/A,#N/A,#N/A,#N/A
http://irail.be/stations/NMBS/008891124,Beernem,,,,,be,3.329892,51.128009,29.76589595,647,137,166,3538
http://irail.be/stations/NMBS/008814423,Beersel,,,,,be,4.302605,50.766616,37.74277457,270,82,89,1521
http://irail.be/stations/NMBS/008894151,Beervelde,,,,,be,3.879384,51.08753,11.97398844,547,112,130,2977
http://irail.be/stations/NMBS/008821865,Begijnendijk,,,,,be,4.800338,51.021972,29.92196532,257,129,94,1508
http://irail.be/stations/NMBS/008871183,Beignée,,,,,be,4.406305,50.333893,10.28901734,#N/A,#N/A,#N/A,#N/A
http://irail.be/stations/NMBS/008891157,Bellem,,,,,be,3.487374,51.083908,25.86705202,#N/A,#N/A,#N/A,#N/A
http://irail.be/stations/NMBS/008894433,Belsele,,,,,be,4.088608,51.150994,39.11849711,277,90,98,1573
http://irail.be/stations/NMBS/008812211,Sint-Agatha-Berchem/Berchem-Sainte-Agathe,Berchem-Sainte-Agathe,Sint-Agatha-Berchem,,,be,4.289895,50.872625,39.12138728,1012,281,262,5603
http://irail.be/stations/NMBS/008832235,Beringen,,,,,be,5.235892,51.050603,28.39306358,#N/A,#N/A,#N/A,#N/A
http://irail.be/stations/NMBS/008821816,Berlaar,,,,,be,4.638811,51.113662,29.92196532,403,238,208,2461
http://irail.be/stations/NMBS/008865300,Bertrix,,,,,be,5.267193,49.852835,37.39017341,#N/A,#N/A,#N/A,#N/A
http://irail.be/stations/NMBS/008873320,Berzée,,,,,be,4.405909,50.285603,33.21676301,133,30,44,739
http://irail.be/stations/NMBS/008861424,Beuzet,,,,,be,4.748533,50.534208,30.82080925,#N/A,#N/A,#N/A,#N/A
http://irail.be/stations/NMBS/008894748,Beveren,,,,,be,4.25952,51.208336,48.20809249,1548,256,303,8299
http://irail.be/stations/NMBS/008832227,Beverlo,,,,,be,5.234373,51.087719,28.39306358,#N/A,#N/A,#N/A,#N/A
http://irail.be/stations/NMBS/008811718,Bierges-Walibi,,,,,be,4.594746,50.707772,56.02601156,187,929,687,2551
http://irail.be/stations/NMBS/008841319,Bierset-Awans,,,,,be,5.460551,50.65861,30.34682081,#N/A,#N/A,#N/A,#N/A
http://irail.be/stations/NMBS/008831138,Bilzen,,,,,be,5.50938,50.868643,49.94508671,680,216,313,3929
http://irail.be/stations/NMBS/008882362,Binche,,,,,be,4.172451,50.408764,26.71387283,#N/A,#N/A,#N/A,#N/A
http://irail.be/stations/NMBS/008896388,Bissegem,,,,,be,3.224205,50.825845,22.44508671,290,191,223,1864
http://irail.be/stations/NMBS/008891405,Blankenberge,,,,,be,3.133864,51.312432,21.41618497,1899,1704,2063,13262
http://irail.be/stations/NMBS/008861531,Blanmont,,,,,be,4.636393,50.619453,31.50867052,#N/A,#N/A,#N/A,#N/A
http://irail.be/stations/NMBS/008884715,Blaton,,,,,be,3.666304,50.505461,31.72543353,508,221,164,2925
http://irail.be/stations/NMBS/008841434,Bleret,,,,,be,5.286394,50.685065,21.08381503,#N/A,#N/A,#N/A,#N/A
http://irail.be/stations/NMBS/008812021,Bockstael,,,,,be,4.348513,50.87943,58.47398844,1120,256,231,6087
http://irail.be/stations/NMBS/008821634,Boechout,,,,,be,4.494489,51.16348,42.58092486,492,186,180,2826
http://irail.be/stations/NMBS/008811437,Bosvoorde/Boitsfort,Boitsfort,Bosvoorde,,,be,4.408112,50.794698,31.94797688,1077,261,208,5854
http://irail.be/stations/NMBS/008831781,Bokrijk,,,,,be,5.408386,50.955812,39.47687861,247,103,183,1521
http://irail.be/stations/NMBS/008864469,Bomal,,,,,be,5.519304,50.376798,25.34682081,201,153,100,1258
http://irail.be/stations/NMBS/008821857,Booischot,,,,,be,4.773478,51.037344,29.92196532,244,139,109,1468
http://irail.be/stations/NMBS/008822814,Boom,,,,,be,4.360694,51.090713,15.45086705,#N/A,#N/A,#N/A,#N/A
http://irail.be/stations/NMBS/008814456,Boondaal/Boondael,Boondael,Boondaal,,,be,4.393387,50.801665,59.68208092,929,119,116,4880
http://irail.be/stations/NMBS/008822475,Boortmeerbeek,,,,,be,4.5739,50.981853,43.94219653,614,189,218,3477
http://irail.be/stations/NMBS/008811163,Bordet,,,,,be,4.410026,50.877785,20.7716763,1337,231,183,7099
http://irail.be/stations/NMBS/008822772,Bornem,,,,,be,4.240526,51.099225,24.45375723,682,344,365,4119
http://irail.be/stations/NMBS/008884319,Boussu,,,,,be,3.797025,50.436388,24.67052023,175,97,102,1074
http://irail.be/stations/NMBS/008821725,Bouwel,,,,,be,4.746511,51.165764,29.56936416,#N/A,#N/A,#N/A,#N/A
http://irail.be/stations/NMBS/008881463,Bracquegnies,,,,,be,4.126345,50.474457,25.8583815,#N/A,#N/A,#N/A,#N/A
http://irail.be/stations/NMBS/008814258,Braine-l'Alleud,,Eigenbrakel,,,be,4.375526,50.684778,98.78612717,5171,1406,903,28164
http://irail.be/stations/NMBS/008883006,Braine-le-Comte,,'s Gravenbrakel,,,be,4.137662,50.605079,160.1416185,5625,2144,1696,31965
http://irail.be/stations/NMBS/008843901,Bressoux,,,,,be,5.611057,50.643967,35.62716763,149,40,18,803
http://irail.be/stations/NMBS/008886066,Brugelette,,,,,be,3.852551,50.594229,26.03757225,#N/A,#N/A,#N/A,#N/A
http://irail.be/stations/NMBS/008891009,Brugge,Bruges,,,,be,3.216726,51.197226,164.4190751,15310,12340,11868,100758
http://irail.be/stations/NMBS/008891033,Brugge-Sint-Pieters,Bruges-Saint-Pierre,,,,be,3.201795,51.223115,13.26300578,104,62,77,659
http://irail.be/stations/NMBS/008813003,Brussel-Centraal/Bruxelles-Central,Bruxelles-Central,Brussel-Centraal,,Brussels-Central,be,4.356801,50.845658,634.1647399,58877,26916,24764,346065
http://irail.be/stations/NMBS/008813045,Brussel-Congres/Bruxelles-Congrès,Bruxelles-Congrès,Brussel-Congres,,Brussels-Congres,be,4.362051,50.852067,20.58092486,541,0,0,2705
http://irail.be/stations/NMBS/008813037,Brussel-Kapellekerk/Bruxelles-Chapelle,Bruxelles-Chapelle,Brussel-Kapellekerk,,Brussels-Chapelle/Brussels-Kapellekerk,be,4.347866,50.841127,10.97687861,#N/A,#N/A,#N/A,#N/A
http://irail.be/stations/NMBS/008811304,Brussel-Luxemburg/Bruxelles-Luxembourg,Bruxelles-Luxembourg,Brussel-Luxemburg,,Brussels-Luxemburg/Brussels-Luxembourg,be,4.373674,50.838943,142.6011561,6923,1988,1693,38296
http://irail.be/stations/NMBS/008819406,Brussels Airport - Zaventem,,,,,be,4.482076,50.896456,171.0202312,9944,8131,7654,65505
http://irail.be/stations/NMBS/008812005,Brussel-Noord/Bruxelles-Nord,Bruxelles-Nord,Brussel-Noord,,Brussels-North,be,4.360846,50.859663,640.265896,60449,20825,17991,341061
http://irail.be/stations/NMBS/008811916,Brussel-Schuman/Bruxelles-Schuman,Bruxelles-Schuman,Brussel-Schuman,,Brussels-Schuman,be,4.380722,50.843276,97.34971098,7162,2507,2262,40579
http://irail.be/stations/NMBS/008815040,Brussel-West/Bruxelles-Ouest,Bruxelles-Ouest,Brussel-West,,Brussels-West,be,4.321042,50.848552,19.43352601,219,78,69,1242
http://irail.be/stations/NMBS/008814001,Brussel-Zuid/Bruxelles-Midi,Bruxelles-Midi,Brussel-Zuid,,Brussels-South/Brussels-Midi,be,4.336531,50.835707,686.6156069,58344,33469,32344,357533
http://irail.be/stations/NMBS/008811148,Buda,,,,,be,4.417074,50.907495,10.28323699,158,0,0,790
http://irail.be/stations/NMBS/008822145,Buggenhout,,,,,be,4.201666,51.016291,23.02312139,572,178,195,3233
http://irail.be/stations/NMBS/008814340,Buizingen,,,,,be,4.258558,50.751577,49.05491329,694,242,124,3836
http://irail.be/stations/NMBS/008895455,Burst,,,,,be,3.922416,50.907198,39.51445087,1168,110,113,6063
http://irail.be/stations/NMBS/008884889,Callenelle,,,,,be,3.52618,50.527359,4.947976879,#N/A,#N/A,#N/A,#N/A
http://irail.be/stations/NMBS/008886074,Cambron-Casteau,,,,,be,3.874809,50.586759,26.7283237,#N/A,#N/A,#N/A,#N/A
http://irail.be/stations/NMBS/008865565,Carlsbourg,,,,,be,5.092784,49.905458,16.57514451,#N/A,#N/A,#N/A,#N/A
http://irail.be/stations/NMBS/008882248,Carnieres,,,,,be,4.263826,50.447957,26.02312139,#N/A,#N/A,#N/A,#N/A
http://irail.be/stations/NMBS/008811817,Ceroux-Mousty,,,,,be,4.569046,50.659941,20.16184971,#N/A,#N/A,#N/A,#N/A
http://irail.be/stations/NMBS/008861317,Chapelle-Dieu,,,,,be,4.697627,50.557374,4.841040462,#N/A,#N/A,#N/A,#N/A
http://irail.be/stations/NMBS/008864824,Chapois,,,,,be,5.124255,50.262366,19.11271676,#N/A,#N/A,#N/A,#N/A
http://irail.be/stations/NMBS/008872066,Charleroi-Ouest,,Charleroi-West,,,be,4.436653,50.410948,20.16184971,#N/A,#N/A,#N/A,#N/A
http://irail.be/stations/NMBS/008872009,Charleroi-Sud,,Charleroi-Zuid,,,be,4.438567,50.40471,213.7456647,11030,4840,4072,64062
http://irail.be/stations/NMBS/008861523,Chastre,,,,,be,4.648888,50.608819,31.50867052,316,114,65,1759
http://irail.be/stations/NMBS/008863438,Château-de-Seilles,,,,,be,5.081745,50.497209,24.32080925,#N/A,#N/A,#N/A,#N/A
http://irail.be/stations/NMBS/008874005,Châtelet,,,,,be,4.521861,50.410103,37.87861272,674,404,247,4021
http://irail.be/stations/NMBS/008842036,Chênée,,,,,be,5.616073,50.608019,33.01445087,#N/A,#N/A,#N/A,#N/A
http://irail.be/stations/NMBS/008864501,Ciney,,,,,be,5.091409,50.29105,43.64450867,2137,969,1048,12702
http://irail.be/stations/NMBS/008842838,Comblain-la-Tour,,,,,be,5.566956,50.456865,25.34682081,#N/A,#N/A,#N/A,#N/A
http://irail.be/stations/NMBS/008896412,Comines,,Komen,,,be,2.999286,50.772072,22.44508671,637,197,235,3617
http://irail.be/stations/NMBS/008845229,Coo,,,,,be,5.880473,50.391127,20.53757225,#N/A,#N/A,#N/A,#N/A
http://irail.be/stations/NMBS/008874054,Couillet,,,,,be,4.46851,50.392718,14.03468208,#N/A,#N/A,#N/A,#N/A
http://irail.be/stations/NMBS/008873379,Cour-sur-Heure,,,,,be,4.391491,50.300138,15.18208092,#N/A,#N/A,#N/A,#N/A
http://irail.be/stations/NMBS/008871225,Courcelles-Motte,,,,,be,4.400534,50.462007,30.09248555,#N/A,#N/A,#N/A,#N/A
http://irail.be/stations/NMBS/008864949,Courrière,,,,,be,4.996051,50.387442,27.20520231,#N/A,#N/A,#N/A,#N/A
http://irail.be/stations/NMBS/008811825,Court-Saint-Étienne,,,,,be,4.565819,50.645567,20.16184971,#N/A,#N/A,#N/A,#N/A
http://irail.be/stations/NMBS/008875127,Couvin,,,,,be,4.491702,50.056324,31.19364162,#N/A,#N/A,#N/A,#N/A
http://irail.be/stations/NMBS/008863362,Dave-Saint-Martin,,,,,be,4.884414,50.429098,27.20520231,#N/A,#N/A,#N/A,#N/A
http://irail.be/stations/NMBS/008814175,De Hoek,,,,,be,4.370717,50.738812,21.7283237,214,235,79,1384
http://irail.be/stations/NMBS/008892338,De Panne,La Panne,,,,be,2.601963,51.0774,19.82369942,#N/A,#N/A,#N/A,#N/A
http://irail.be/stations/NMBS/008892080,De Pinte,,,,,be,3.650465,50.997063,66.78901734,1685,473,473,9371
http://irail.be/stations/NMBS/008892106,Deinze,,,,,be,3.534432,50.978258,44.72254335,2006,1088,1106,12224
http://irail.be/stations/NMBS/008811205,Delta,,,,,be,4.403869,50.818357,20.7716763,330,0,0,1650
http://irail.be/stations/NMBS/008895802,Denderleeuw,,,,,be,4.071825,50.891925,156.1300578,9766,3533,3117,55480
http://irail.be/stations/NMBS/008893401,Dendermonde,Termonde,,,,be,4.101427,51.022781,101.8728324,4873,1353,1371,27089
http://irail.be/stations/NMBS/008811213,Diegem,,,,,be,4.442774,50.890478,72.32947977,1514,856,483,8909
http://irail.be/stations/NMBS/008831112,Diepenbeek,,,,,be,5.419947,50.910452,49.94508671,509,105,137,2787
http://irail.be/stations/NMBS/008814464,Diesdelle/Vivier d'Oie,Vivier d'Oie,Diesdelle,,,be,4.374052,50.796145,59.68208092,454,82,89,2441
http://irail.be/stations/NMBS/008831401,Diest,,,,,be,5.050031,50.993341,84.91907514,2995,678,682,16335
http://irail.be/stations/NMBS/008892452,Diksmuide,Dixmude,,,,be,2.868943,51.032723,19.82369942,686,257,466,4153
http://irail.be/stations/NMBS/008812237,Dilbeek,,,,,be,4.243393,50.866728,39.12138728,772,224,219,4303
http://irail.be/stations/NMBS/008863503,Dinant,,,,,be,4.908182,50.260721,38.52023121,1286,768,823,8021
http://irail.be/stations/NMBS/008844545,Dolhain-Gileppe,,,,,be,5.936494,50.616244,22.12427746,#N/A,#N/A,#N/A,#N/A
http://irail.be/stations/NMBS/008010053,Dortmund Hbf,,,,,de,7.459293,51.517898,,#N/A,#N/A,#N/A,#N/A
http://irail.be/stations/NMBS/008892031,Drongen,,,,,be,3.655202,51.047295,29.39884393,#N/A,#N/A,#N/A,#N/A
http://irail.be/stations/NMBS/008822210,Duffel,,,,,be,4.493186,51.091243,31.93930636,829,583,427,5155
http://irail.be/stations/NMBS/008891652,Duinbergen,,,,,be,3.263587,51.338195,19.67052023,#N/A,#N/A,#N/A,#N/A
http://irail.be/stations/NMBS/008883212,Écaussinnes,,,,,be,4.156639,50.56239,49.30346821,726,386,277,4293
http://irail.be/stations/NMBS/008895877,Ede,,,,,be,3.987524,50.911054,23.30057803,#N/A,#N/A,#N/A,#N/A
http://irail.be/stations/NMBS/008883311,Enghien,,Edingen,,,be,4.047357,50.697273,57.18786127,3561,1233,1112,20150
http://irail.be/stations/NMBS/008893708,Eeklo,,,,,be,3.574515,51.181333,20.71098266,881,378,398,5181
http://irail.be/stations/NMBS/008895752,Eichem,,,,,be,3.993745,50.823994,26.86416185,#N/A,#N/A,#N/A,#N/A
http://irail.be/stations/NMBS/008892627,Eine,,,,,be,3.623776,50.870432,24.41618497,#N/A,#N/A,#N/A,#N/A
http://irail.be/stations/NMBS/008892650,Eke-Nazareth,,,,,be,3.627839,50.960774,24.41618497,395,83,87,2145
http://irail.be/stations/NMBS/008821071,Ekeren,,,,,be,4.434154,51.281626,45.69653179,985,221,235,5381
http://irail.be/stations/NMBS/008843240,Engis,,,,,be,5.401986,50.582957,21.65317919,#N/A,#N/A,#N/A,#N/A
http://irail.be/stations/NMBS/008822269,Eppegem,,,,,be,4.45749,50.9584,51.23988439,978,326,242,5458
http://irail.be/stations/NMBS/008881158,Erbisœul,Erbisoeul,Erbisoeul,Erbisoeul,Erbisoeul,be,3.887987,50.507025,25.56358382,139,88,73,856
http://irail.be/stations/NMBS/008895091,Erembodegem,,,,,be,4.055447,50.919621,59.87861272,1165,423,375,6623
http://irail.be/stations/NMBS/008861515,Ernage,,,,,be,4.668538,50.590823,31.50867052,109,42,44,631
http://irail.be/stations/NMBS/008895471,Erpe-Mere,,,,,be,3.962463,50.928601,7.297687861,#N/A,#N/A,#N/A,#N/A
http://irail.be/stations/NMBS/008811262,Erps-Kwerps,,,,,be,4.585001,50.89651,49.15317919,339,116,89,1900
http://irail.be/stations/NMBS/008871605,Erquelinnes,,,,,be,4.113562,50.304192,20.73410405,#N/A,#N/A,#N/A,#N/A
http://irail.be/stations/NMBS/008871647,Erquelinnes-Village,,,,,be,4.132314,50.310179,20.73410405,#N/A,#N/A,#N/A,#N/A
http://irail.be/stations/NMBS/008842663,Esneux,,,,,be,5.572565,50.530568,25.43930636,#N/A,#N/A,#N/A,#N/A
http://irail.be/stations/NMBS/008821402,Essen,,,,,be,4.451314,51.462767,45.69653179,1161,405,355,6565
http://irail.be/stations/NMBS/008812260,Essene-Lombeek,,,,,be,4.115171,50.882451,39.14450867,482,131,121,2662
http://irail.be/stations/NMBS/008811411,Etterbeek,,,,,be,4.389513,50.822187,102.765896,6658,894,698,34882
http://irail.be/stations/NMBS/008844628,Eupen,,,,,be,6.03711,50.635157,18.21676301,554,292,259,3321
http://irail.be/stations/NMBS/008811106,Evere,,,,,be,4.400965,50.86778,20.7716763,482,81,87,2578
http://irail.be/stations/NMBS/008893252,Evergem,,,,,be,3.70138,51.107585,20.71098266,#N/A,#N/A,#N/A,#N/A
http://irail.be/stations/NMBS/008833449,Ezemaal,,,,,be,4.994217,50.772126,18.13872832,#N/A,#N/A,#N/A,#N/A
http://irail.be/stations/NMBS/008883238,Familleureux,,,,,be,4.211581,50.519358,21.55780347,#N/A,#N/A,#N/A,#N/A
http://irail.be/stations/NMBS/008874567,Farciennes,,,,,be,4.564138,50.435246,16.47398844,251,66,63,1384
http://irail.be/stations/NMBS/008872611,Faux,,,,,be,4.54926,50.621826,20.16184971,#N/A,#N/A,#N/A,#N/A
http://irail.be/stations/NMBS/008841467,Fexhe-le-Haut-Clocher,,,,,be,5.398453,50.664049,30.34682081,#N/A,#N/A,#N/A,#N/A
http://irail.be/stations/NMBS/008861127,Flawinne,,,,,be,4.806298,50.456236,16.42774566,#N/A,#N/A,#N/A,#N/A
http://irail.be/stations/NMBS/008843166,Flemalle-Grande,,,,,be,5.480983,50.605349,25.46820809,#N/A,#N/A,#N/A,#N/A
http://irail.be/stations/NMBS/008843208,Flemalle-Haute,,,,,be,5.457656,50.595308,56.19075145,1687,403,260,9098
http://irail.be/stations/NMBS/008872413,Fleurus,,,,,be,4.543741,50.481927,20.16184971,466,212,204,2746
http://irail.be/stations/NMBS/008864923,Florée,,,,,be,5.056099,50.357786,0,#N/A,#N/A,#N/A,#N/A
http://irail.be/stations/NMBS/008861135,Floreffe,,,,,be,4.762368,50.443328,16.42774566,269,77,93,1515
http://irail.be/stations/NMBS/008866845,Florenville,,,,,be,5.331115,49.706967,18.57225434,#N/A,#N/A,#N/A,#N/A
http://irail.be/stations/NMBS/008811767,Florival,,,,,be,4.653868,50.761501,49.89595376,#N/A,#N/A,#N/A,#N/A
http://irail.be/stations/NMBS/008871688,Fontaine-Valmont,,,,,be,4.212785,50.321164,20.73410405,#N/A,#N/A,#N/A,#N/A
http://irail.be/stations/NMBS/008871514,Forchies,,,,,be,4.325384,50.433314,26.02312139,#N/A,#N/A,#N/A,#N/A
http://irail.be/stations/NMBS/008814118,Vorst-Oost/Forest-Est,Forest-Est,Vorst-Oost,,,be,4.320943,50.810195,21.7283237,951,309,91,5155
http://irail.be/stations/NMBS/008814373,Vorst-Zuid/Forest-Midi,Forest-Midi,Vorst-Zuid,,,be,4.309167,50.809215,49.05491329,568,366,168,3374
http://irail.be/stations/NMBS/008864311,Forrières,,,,,be,5.276784,50.132759,18.94219653,#N/A,#N/A,#N/A,#N/A
http://irail.be/stations/NMBS/008844255,Fraipont,,,,,be,5.723665,50.565059,33.01445087,#N/A,#N/A,#N/A,#N/A
http://irail.be/stations/NMBS/008881570,Frameries,,,,,be,3.906586,50.405932,22.15606936,#N/A,#N/A,#N/A,#N/A
http://irail.be/stations/NMBS/008844347,Franchimont,,,,,be,5.822223,50.525723,21.78323699,#N/A,#N/A,#N/A,#N/A
http://irail.be/stations/NMBS/008861143,Franière,,,,,be,4.733548,50.439543,16.42774566,204,42,42,1104
http://irail.be/stations/NMBS/008885068,Froyennes,,,,,be,3.354837,50.62989,50.0433526,850,84,54,4388
http://irail.be/stations/NMBS/008895620,Galmaarden,Gammerages,,,,be,3.965726,50.743918,21.73699422,516,172,141,2893
http://irail.be/stations/NMBS/008811742,Gastuche,,,,,be,4.649598,50.736646,49.89595376,#N/A,#N/A,#N/A,#N/A
http://irail.be/stations/NMBS/008892643,Gavere-Asper,,,,,be,3.639732,50.930021,24.41618497,486,130,88,2648
http://irail.be/stations/NMBS/008865649,Gedinne,,,,,be,4.978073,49.984123,16.57514451,#N/A,#N/A,#N/A,#N/A
http://irail.be/stations/NMBS/008832433,Geel,,,,,be,4.988608,51.168955,45.52890173,1484,482,451,8353
http://irail.be/stations/NMBS/008861200,Gembloux,,,,,be,4.691497,50.570489,84.80635838,5247,2164,1920,30319
http://irail.be/stations/NMBS/008863834,Gendron-Celles,,,,,be,4.964607,50.211235,18.15606936,#N/A,#N/A,#N/A,#N/A
http://irail.be/stations/NMBS/008831765,Genk,,,,,be,5.497685,50.967057,39.47687861,1350,953,1163,8866
http://irail.be/stations/NMBS/008881562,Genly,,,,,be,3.911638,50.390642,22.15606936,#N/A,#N/A,#N/A,#N/A
http://irail.be/stations/NMBS/008893120,Gent-Dampoort,Gand-Dampoort,,,Ghent-Dampoort,be,3.740591,51.056365,80.53468208,4960,2969,2812,30581
http://irail.be/stations/NMBS/008892007,Gent-Sint-Pieters,Gand-Saint-Pierre,,,Ghent-Sint-Pieters,be,3.710675,51.035896,309.0144509,48441,25578,23452,291235
http://irail.be/stations/NMBS/008893179,Gentbrugge,,,,,be,3.756322,51.038647,21.44508671,313,209,165,1939
http://irail.be/stations/NMBS/008811528,Genval,,,,,be,4.514832,50.725697,30.73410405,1402,434,353,7797
http://irail.be/stations/NMBS/008895505,Geraardsbergen,Grammont,,,,be,3.872328,50.771137,90.17052023,2928,1110,1016,16766
http://irail.be/stations/NMBS/008881125,Ghlin,,,,,be,3.906343,50.487411,21.57225434,#N/A,#N/A,#N/A,#N/A
http://irail.be/stations/NMBS/008841731,Glons,,Glaaien,,,be,5.535431,50.750426,28.29768786,#N/A,#N/A,#N/A,#N/A
http://irail.be/stations/NMBS/008871381,Godarville,,,,,be,4.290308,50.492795,28.72254335,#N/A,#N/A,#N/A,#N/A
http://irail.be/stations/NMBS/008863560,Godinne,,,,,be,4.86996,50.348914,34.16763006,#N/A,#N/A,#N/A,#N/A
http://irail.be/stations/NMBS/008893047,Gontrode,,,,,be,3.801672,50.980199,26.70809249,#N/A,#N/A,#N/A,#N/A
http://irail.be/stations/NMBS/008845005,Gouvy,,,,,be,5.953906,50.189409,24.28901734,#N/A,#N/A,#N/A,#N/A
http://irail.be/stations/NMBS/008871373,Gouy-lez-Pieton,,,,,be,4.325123,50.497065,28.72254335,#N/A,#N/A,#N/A,#N/A
http://irail.be/stations/NMBS/008865615,Graide,,,,,be,5.043047,49.934134,16.57514451,#N/A,#N/A,#N/A,#N/A
http://irail.be/stations/NMBS/008811445,Groenendaal,Groenendael,,,,be,4.449489,50.766103,20.00578035,652,264,258,3782
http://irail.be/stations/NMBS/008812229,Groot-Bijgaarden,Grand-Bigard,,,,be,4.273543,50.868337,39.12138728,561,171,153,3129
http://irail.be/stations/NMBS/008864337,Grupont,,,,,be,5.280524,50.0906,18.94219653,#N/A,#N/A,#N/A,#N/A
http://irail.be/stations/NMBS/008822517,Haacht,,,,,be,4.613309,50.966428,43.94219653,#N/A,#N/A,#N/A,#N/A
http://irail.be/stations/NMBS/008895869,Haaltert,,,,,be,4.023958,50.906838,28.91907514,#N/A,#N/A,#N/A,#N/A
http://irail.be/stations/NMBS/008866142,Habay,,,,,be,5.632685,49.718249,19.02890173,#N/A,#N/A,#N/A,#N/A
http://irail.be/stations/NMBS/008884327,Hainin,,,,,be,3.766893,50.428019,24.67052023,69,34,32,411
http://irail.be/stations/NMBS/008866530,Halanzy,,,,,be,5.741347,49.5562,18,#N/A,#N/A,#N/A,#N/A
http://irail.be/stations/NMBS/008814308,Halle,Hal,,,,be,4.240634,50.733931,182.0982659,7592,3078,2624,43662
http://irail.be/stations/NMBS/008873387,Ham-sur-Heure,,,,,be,4.404696,50.319555,15.18208092,#N/A,#N/A,#N/A,#N/A
http://irail.be/stations/NMBS/008861168,Ham-sur-Sambre,,,,,be,4.669392,50.45255,2.219653179,#N/A,#N/A,#N/A,#N/A
http://irail.be/stations/NMBS/008822533,Hambos,,,,,be,4.66301,50.944251,13.31791908,#N/A,#N/A,#N/A,#N/A
http://irail.be/stations/NMBS/008842846,Hamoir,,,,,be,5.533561,50.428181,25.34682081,265,64,78,1467
http://irail.be/stations/NMBS/008832664,Hamont,,,,,be,5.543279,51.246424,17.32947977,#N/A,#N/A,#N/A,#N/A
http://irail.be/stations/NMBS/008891165,Hansbeke,,,,,be,3.536212,51.073202,28.02312139,#N/A,#N/A,#N/A,#N/A
http://irail.be/stations/NMBS/008884640,Harchies,,,,,be,3.698764,50.482565,4.947976879,#N/A,#N/A,#N/A,#N/A
http://irail.be/stations/NMBS/008896115,Harelbeke,,,,,be,3.314008,50.85586,26.54913295,1057,435,499,6219
http://irail.be/stations/NMBS/008811155,Haren,,,,,be,4.419978,50.888878,19.30346821,#N/A,#N/A,#N/A,#N/A
http://irail.be/stations/NMBS/008811130,Haren-Sud/Haren-Zuid,Haren-Sud,Haren-Zuid,,,be,4.415357,50.889696,49.15317919,980,591,340,5831
http://irail.be/stations/NMBS/008831005,Hasselt,,,,,be,5.327627,50.930822,180.5982659,7396,4738,4955,46673
http://irail.be/stations/NMBS/008843349,Haute-Flône,,,,,be,5.330333,50.55349,21.65317919,#N/A,#N/A,#N/A,#N/A
http://irail.be/stations/NMBS/008864832,Haversin,,,,,be,5.194371,50.249044,19.11271676,#N/A,#N/A,#N/A,#N/A
http://irail.be/stations/NMBS/008881430,Havre,,,,,be,4.059987,50.470754,25.8583815,#N/A,#N/A,#N/A,#N/A
http://irail.be/stations/NMBS/008821519,Heide,,,,,be,4.460483,51.364623,45.69653179,996,246,265,5491
http://irail.be/stations/NMBS/008891645,Heist,,,,,be,3.239181,51.333979,19.67052023,#N/A,#N/A,#N/A,#N/A
http://irail.be/stations/NMBS/008821832,Heist-op-den-Berg,,,,,be,4.708235,51.074146,53.06069364,1805,1027,841,10893
http://irail.be/stations/NMBS/008812153,Heizijde,,,,,be,4.156171,50.989593,36.34104046,537,91,107,2883
http://irail.be/stations/NMBS/008824224,Hemiksem,,,,,be,4.338293,51.136243,15.45086705,#N/A,#N/A,#N/A,#N/A
http://irail.be/stations/NMBS/008883022,Hennuyères,,,,,be,4.175893,50.651005,49.05491329,#N/A,#N/A,#N/A,#N/A
http://irail.be/stations/NMBS/008811288,Herent,,,,,be,4.672188,50.90353,50.62138728,591,255,135,3345
http://irail.be/stations/NMBS/008821717,Herentals,,,,,be,4.829535,51.181513,101.3092486,2789,2154,2131,18230
http://irail.be/stations/NMBS/008844644,Hergenrath,,,,,be,6.041335,50.718209,20.72254335,#N/A,#N/A,#N/A,#N/A
http://irail.be/stations/NMBS/008895646,Herne,,,,,be,4.014573,50.723701,21.73699422,526,147,122,2899
http://irail.be/stations/NMBS/008885753,Herseaux,,,,,be,3.245959,50.713894,26.2283237,550,181,225,3156
http://irail.be/stations/NMBS/008841608,Herstal,,,,,be,5.622761,50.660911,107.2716763,739,382,282,4359
http://irail.be/stations/NMBS/008895430,Herzele,,,,,be,3.880616,50.89722,28.91907514,#N/A,#N/A,#N/A,#N/A
http://irail.be/stations/NMBS/008832243,Heusden,,,,,be,5.281782,51.038207,28.39306358,#N/A,#N/A,#N/A,#N/A
http://irail.be/stations/NMBS/008822459,Hever,,,,,be,4.537637,50.997791,17.77456647,128,114,90,844
http://irail.be/stations/NMBS/008833126,Heverlee,,,,,be,4.6952,50.86253,49.98554913,775,273,246,4394
http://irail.be/stations/NMBS/008895422,Hillegem,,,,,be,3.857469,50.891296,18.1734104,168,35,34,909
http://irail.be/stations/NMBS/008824158,Hoboken-Polder,,,,,be,4.347785,51.182699,15.45086705,#N/A,#N/A,#N/A,#N/A
http://irail.be/stations/NMBS/008811460,Hoeilaart,,,,,be,4.467414,50.760161,18.28323699,#N/A,#N/A,#N/A,#N/A
http://irail.be/stations/NMBS/008822277,Hofstade,,,,,be,4.498336,50.988658,9.315028902,#N/A,#N/A,#N/A,#N/A
http://irail.be/stations/NMBS/008814159,Holleken,,,,,be,4.353952,50.767631,21.7283237,#N/A,#N/A,#N/A,#N/A
http://irail.be/stations/NMBS/008842655,Hony,,,,,be,5.573563,50.539917,25.43930636,#N/A,#N/A,#N/A,#N/A
http://irail.be/stations/NMBS/008886553,Houraing,,,,,be,3.835175,50.703062,27.1416185,176,84,54,1018
http://irail.be/stations/NMBS/008871829,Hourpes,,,,,be,4.308736,50.363692,17.31213873,#N/A,#N/A,#N/A,#N/A
http://irail.be/stations/NMBS/008863842,Houyet,,,,,be,5.006074,50.189868,18.15606936,#N/A,#N/A,#N/A,#N/A
http://irail.be/stations/NMBS/008821337,Hove,,,,,be,4.465157,51.154114,31.93930636,540,402,311,3413
http://irail.be/stations/NMBS/008814415,Huizingen,,,,,be,4.266487,50.7519,37.74277457,273,62,54,1481
http://irail.be/stations/NMBS/008843307,Huy,,Hoei,,,be,5.234211,50.527242,58.32947977,2182,695,613,12218
http://irail.be/stations/NMBS/008895844,Iddergem,,,,,be,4.06849,50.876886,26.86416185,#N/A,#N/A,#N/A,#N/A
http://irail.be/stations/NMBS/008895729,Idegem,,,,,be,3.921553,50.801871,26.86416185,#N/A,#N/A,#N/A,#N/A
http://irail.be/stations/NMBS/008896503,Ieper,Ypres,,,,be,2.876593,50.847402,22.44508671,#N/A,#N/A,#N/A,#N/A
http://irail.be/stations/NMBS/008896925,Ingelmunster,,,,,be,3.255416,50.914326,33.20231214,658,247,224,3761
http://irail.be/stations/NMBS/008896909,Izegem,,,,,be,3.212088,50.921149,35.27456647,1274,376,401,7147
http://irail.be/stations/NMBS/008863115,Jambes,,,,,be,4.876144,50.454843,45.24277457,#N/A,#N/A,#N/A,#N/A
http://irail.be/stations/NMBS/008863354,Jambes-Est,,,,,be,4.880261,50.454798,27.20520231,#N/A,#N/A,#N/A,#N/A
http://irail.be/stations/NMBS/008871175,Jamioulx,,,,,be,4.411294,50.352896,15.18208092,#N/A,#N/A,#N/A,#N/A
http://irail.be/stations/NMBS/008884566,Jemappes,,,,,be,3.885587,50.452577,58.34104046,502,290,235,3035
http://irail.be/stations/NMBS/008864006,Jemelle,,,,,be,5.266698,50.160401,42.75433526,729,419,595,4659
http://irail.be/stations/NMBS/008843158,Jemeppe-sur-Meuse,,,,,be,5.497874,50.618446,25.46820809,#N/A,#N/A,#N/A,#N/A
http://irail.be/stations/NMBS/008874724,Jemeppe-sur-Sambre,,,,,be,4.662632,50.45095,41.52890173,449,268,212,2725
http://irail.be/stations/NMBS/008812047,Jette,,,,,be,4.32622,50.880833,95.67630058,3033,1195,1023,17383
http://irail.be/stations/NMBS/008881166,Jurbeke,Jurbise,,,,be,3.910694,50.530496,88.51156069,1675,814,666,9855
http://irail.be/stations/NMBS/008844321,Juslenville,,,,,be,5.809935,50.544717,21.78323699,#N/A,#N/A,#N/A,#N/A
http://irail.be/stations/NMBS/008821444,Kalmthout,,,,,be,4.46682,51.391177,45.69653179,#N/A,#N/A,#N/A,#N/A
http://irail.be/stations/NMBS/008822053,Kapelle-op-den-Bos,,,,,be,4.359121,51.010843,23.02312139,584,202,184,3306
http://irail.be/stations/NMBS/008821535,Kapellen,,,,,be,4.432661,51.313528,45.69653179,1202,581,551,7142
http://irail.be/stations/NMBS/008821659,Kessel,,,,,be,4.618459,51.151057,29.56936416,449,256,249,2750
http://irail.be/stations/NMBS/008832375,Kiewit,,,,,be,5.350226,50.954841,39.47687861,620,137,225,3462
http://irail.be/stations/NMBS/008821451,Kijkuit,,,,,be,4.467315,51.378664,22.24277457,#N/A,#N/A,#N/A,#N/A
http://irail.be/stations/NMBS/008891660,Knokke,,,,,be,3.285188,51.339894,19.67052023,768,1751,1035,6626
http://irail.be/stations/NMBS/008892320,Koksijde,Coxyde,,,,be,2.65277,51.079197,19.82369942,263,234,379,1928
http://irail.be/stations/NMBS/008821311,Kontich,,,,,be,4.476358,51.134023,31.93930636,931,598,424,5677
http://irail.be/stations/NMBS/008892403,Kortemark,,,,,be,3.043459,51.025244,19.82369942,435,249,389,2813
http://irail.be/stations/NMBS/008811254,Kortenberg,,,,,be,4.543301,50.893067,50.62138728,819,288,163,4546
http://irail.be/stations/NMBS/008896008,Kortrijk,Courtrai,,,,be,3.264549,50.824506,153.1156069,8127,5631,5605,51871
http://irail.be/stations/NMBS/008893567,Kwatrecht,Quatrecht,,,,be,3.829593,50.99175,23.00289017,180,53,49,1002
http://irail.be/stations/NMBS/008811510,La Hulpe,,Terhulpen,,,be,4.49706,50.737958,30.73410405,1351,429,432,7616
http://irail.be/stations/NMBS/008882107,La Louvière-Centre,,La Louvière-Centrum,,,be,4.179858,50.478161,55.44508671,1338,1169,998,8857
http://irail.be/stations/NMBS/008882206,La Louvière-Sud,,La Louvière-Zuid,,,be,4.190609,50.464974,113.4624277,3029,2438,2107,19690
http://irail.be/stations/NMBS/008872587,La Roche (Brabant),,,,,be,4.539157,50.610338,20.16184971,#N/A,#N/A,#N/A,#N/A
http://irail.be/stations/NMBS/008871670,Labuissière,,,,,be,4.186833,50.316328,20.73410405,#N/A,#N/A,#N/A,#N/A
http://irail.be/stations/NMBS/008892056,Landegem,,,,,be,3.576852,51.064311,29.77745665,#N/A,#N/A,#N/A,#N/A
http://irail.be/stations/NMBS/008871837,Landelies,,,,,be,4.350976,50.377311,20.73410405,#N/A,#N/A,#N/A,#N/A
http://irail.be/stations/NMBS/008833605,Landen,,,,,be,5.07966,50.747927,87.50867052,3007,1084,1093,17212
http://irail.be/stations/NMBS/008893054,Landskouter,,,,,be,3.791146,50.970545,20.17630058,#N/A,#N/A,#N/A,#N/A
http://irail.be/stations/NMBS/008833258,Langdorp,,,,,be,4.863541,51.002466,32.47398844,#N/A,#N/A,#N/A,#N/A
http://irail.be/stations/NMBS/008874559,Le Campinaire,,,,,be,4.552586,50.428936,14.03468208,#N/A,#N/A,#N/A,#N/A
http://irail.be/stations/NMBS/008812161,Lebbeke,,,,,be,4.134372,51.005009,38.79190751,#N/A,#N/A,#N/A,#N/A
http://irail.be/stations/NMBS/008895067,Lede,,,,,be,3.984981,50.970895,40.15895954,1540,575,513,8788
http://irail.be/stations/NMBS/008864816,Leignon,,,,,be,5.107778,50.267768,19.11849711,#N/A,#N/A,#N/A,#N/A
http://irail.be/stations/NMBS/008843224,Leman,,,,,be,5.468309,50.600396,21.87861272,#N/A,#N/A,#N/A,#N/A
http://irail.be/stations/NMBS/008814332,Lembeek,,,,,be,4.221577,50.715107,49.05491329,#N/A,#N/A,#N/A,#N/A
http://irail.be/stations/NMBS/008881190,Lens,,,,,be,3.903224,50.559342,26.03757225,268,141,107,1588
http://irail.be/stations/NMBS/008832003,Leopoldsburg,Bourg-Léopold,,,,be,5.257287,51.117312,28.39306358,#N/A,#N/A,#N/A,#N/A
http://irail.be/stations/NMBS/008886504,Lessen,Lessines,Lessen,Lessines,Lessines,be,3.836434,50.712015,27.1416185,681,345,265,4015
http://irail.be/stations/NMBS/008833001,Leuven,Louvain,,Löwen,,be,4.715866,50.88228,351.916185,31461,16625,14050,187980
http://irail.be/stations/NMBS/008886348,Leuze,,,,,be,3.616872,50.600612,35.08381503,1568,768,663,9271
http://irail.be/stations/NMBS/008882339,Leval,,,,,be,4.211041,50.430797,26.71387283,#N/A,#N/A,#N/A,#N/A
http://irail.be/stations/NMBS/008865003,Libramont,,,,,be,5.37927,49.920434,92.46531792,#N/A,#N/A,#N/A,#N/A
http://irail.be/stations/NMBS/008892205,Lichtervelde,,,,,be,3.127212,51.025163,53.09537572,3127,1773,2047,19455
http://irail.be/stations/NMBS/008895836,Liedekerke,,,,,be,4.095287,50.882531,82.96531792,2053,1153,1035,12453
http://irail.be/stations/NMBS/008841004,Liège-Guillemins,,Luik-Guillemins,,,be,5.566695,50.62455,269.1242775,21313,10647,11624,128836
http://irail.be/stations/NMBS/008841558,Liège-Jonfosse,,Luik-Jonfosse,,,be,5.561131,50.640299,137.3843931,1911,516,359,10430
http://irail.be/stations/NMBS/008841525,Liège-Palais,,Luik-Paleis,,,be,5.570453,50.646349,137.3843931,2999,1150,859,17004
http://irail.be/stations/NMBS/008821600,Lier,Lierre,,,,be,4.560614,51.135758,154.4132948,5191,2658,2579,31192
http://irail.be/stations/NMBS/008895570,Lierde,,,,,be,3.826564,50.816236,28.73988439,505,129,89,2743
http://irail.be/stations/NMBS/008841673,Liers,,,,,be,5.56683,50.698181,74.13294798,#N/A,#N/A,#N/A,#N/A
http://irail.be/stations/NMBS/008872520,Ligny,,,,,be,4.566133,50.511726,20.16184971,#N/A,#N/A,#N/A,#N/A
http://irail.be/stations/NMBS/008814241,Lillois,,,,,be,4.365368,50.645423,48.87283237,684,177,91,3688
http://irail.be/stations/NMBS/008811635,Limal,,,,,be,4.575302,50.69214,51.95086705,#N/A,#N/A,#N/A,#N/A
http://irail.be/stations/NMBS/008814142,Linkebeek,,,,,be,4.339434,50.773681,51.32947977,1187,369,171,6475
http://irail.be/stations/NMBS/008891629,Lissewege,,,,,be,3.194505,51.294714,13.26300578,166,65,69,964
http://irail.be/stations/NMBS/008871712,Lobbes,,,,,be,4.260958,50.346469,20.73410405,#N/A,#N/A,#N/A,#N/A
http://irail.be/stations/NMBS/008872306,Lodelinsart,,,,,be,4.462946,50.432451,20.16184971,#N/A,#N/A,#N/A,#N/A
http://irail.be/stations/NMBS/008894201,Lokeren,,,,,be,3.987794,51.108062,103.9566474,3897,2200,2167,23852
http://irail.be/stations/NMBS/008832565,Lommel,,,,,be,5.312031,51.211564,18.5433526,422,181,277,2568
http://irail.be/stations/NMBS/008822111,Londerzeel,,,,,be,4.299073,51.009091,36.34104046,1099,215,254,5964
http://irail.be/stations/NMBS/008861416,Lonzée,,,,,be,4.7201,50.551935,30.82080925,#N/A,#N/A,#N/A,#N/A
http://irail.be/stations/NMBS/008814357,Lot,,,,,be,4.273696,50.766364,49.05491329,751,375,181,4311
http://irail.be/stations/NMBS/008811676,Louvain-la-Neuve-Université,,,,,be,4.615745,50.669793,79.94219653,4899,2169,1048,27712
http://irail.be/stations/NMBS/008863156,Lustin,,,,,be,4.877241,50.391559,34.16763006,#N/A,#N/A,#N/A,#N/A
http://irail.be/stations/NMBS/008871308,Luttre,,,,,be,4.38412,50.505856,101.9624277,1992,658,547,11165
http://irail.be/stations/NMBS/008886041,Maffle,,,,,be,3.800117,50.614356,26.03757225,#N/A,#N/A,#N/A,#N/A
http://irail.be/stations/NMBS/008822137,Malderen,,,,,be,4.22911,51.014484,23.02312139,359,115,121,2031
http://irail.be/stations/NMBS/008882701,Manage,,,,,be,4.234683,50.506108,51.91618497,#N/A,#N/A,#N/A,#N/A
http://irail.be/stations/NMBS/008866175,Marbehan,,,,,be,5.539755,49.727337,38.19942197,#N/A,#N/A,#N/A,#N/A
http://irail.be/stations/NMBS/008864410,Marche-en-Famenne,,,,,be,5.346289,50.222472,25.34682081,441,92,145,2442
http://irail.be/stations/NMBS/008863461,Marche-les-Dames,,,,,be,4.96458,50.480741,24.32080925,#N/A,#N/A,#N/A,#N/A
http://irail.be/stations/NMBS/008883220,Marche-lez-Écaussinnes,,,,,be,4.177098,50.546173,21.55780347,#N/A,#N/A,#N/A,#N/A
http://irail.be/stations/NMBS/008871100,Marchienne-au-Pont,,,,,be,4.394223,50.412171,123.6069364,1621,762,717,9584
http://irail.be/stations/NMBS/008871852,Marchienne-Zone,,,,,be,4.388767,50.397465,20.73410405,#N/A,#N/A,#N/A,#N/A
http://irail.be/stations/NMBS/008891132,Maria-Aalter,,,,,be,3.38673,51.107612,25.86705202,201,49,46,1100
http://irail.be/stations/NMBS/008875002,Mariembourg,,,,,be,4.525691,50.09549,31.23988439,159,63,94,952
http://irail.be/stations/NMBS/008864345,Marloie,,,,,be,5.313892,50.202821,65.36705202,1564,876,1824,10520
http://irail.be/stations/NMBS/008881174,Masnuy-Saint-Pierre,,,,,be,3.962139,50.536546,18.57225434,#N/A,#N/A,#N/A,#N/A
http://irail.be/stations/NMBS/008885530,Maubray,,,,,be,3.495527,50.547557,4.947976879,#N/A,#N/A,#N/A,#N/A
http://irail.be/stations/NMBS/008861333,Mazy,,,,,be,4.675829,50.513497,4.841040462,#N/A,#N/A,#N/A,#N/A
http://irail.be/stations/NMBS/008822004,Mechelen,Malines,,,,be,4.482785,51.017648,306.5231214,19450,9566,8768,115584
http://irail.be/stations/NMBS/008822343,Mechelen-Nekkerspoel,Malines-Nekkerspoel,,,,be,4.489914,51.029883,91.37283237,2105,1489,1288,13302
http://irail.be/stations/NMBS/008811171,Meiser,,,,,be,4.394421,50.854072,20.7716763,684,101,77,3598
http://irail.be/stations/NMBS/008821824,Melkouwen,,,,,be,4.671532,51.094938,29.92196532,#N/A,#N/A,#N/A,#N/A
http://irail.be/stations/NMBS/008893039,Melle,,,,,be,3.797088,51.002807,64.19075145,890,818,588,5856
http://irail.be/stations/NMBS/008864436,Melreux-Hotton,,,,,be,5.440136,50.28367,25.34682081,#N/A,#N/A,#N/A,#N/A
http://irail.be/stations/NMBS/008894755,Melsele,,,,,be,4.286766,51.21071,30.43352601,#N/A,#N/A,#N/A,#N/A
http://irail.be/stations/NMBS/008896305,Menen,Menin,,,,be,3.113791,50.799489,22.44508671,#N/A,#N/A,#N/A,#N/A
http://irail.be/stations/NMBS/008812120,Merchtem,,,,,be,4.222718,50.954958,38.58959538,1191,171,167,6293
http://irail.be/stations/NMBS/008893013,Merelbeke,,,,,be,3.768889,51.017531,64.19075145,824,185,152,4457
http://irail.be/stations/NMBS/008811197,Merode,,,,,be,4.398934,50.839284,20.7716763,307,0,0,1535
http://irail.be/stations/NMBS/008842648,Méry,,,,,be,5.587236,50.54762,25.43930636,115,13,25,613
http://irail.be/stations/NMBS/008866662,Messancy,,,,,be,5.818915,49.592777,14.51734104,#N/A,#N/A,#N/A,#N/A
http://irail.be/stations/NMBS/008886058,Mevergnies-Attre,,,,,be,3.833917,50.600108,21.67630058,#N/A,#N/A,#N/A,#N/A
http://irail.be/stations/NMBS/088022054,Michelau,,,,,lu,6.09251,49.89644,,#N/A,#N/A,#N/A,#N/A
http://irail.be/stations/NMBS/008841665,Milmort,,,,,be,5.60009,50.692455,74.13294798,#N/A,#N/A,#N/A,#N/A
http://irail.be/stations/NMBS/008814431,Moensberg,,,,,be,4.330733,50.77832,37.74277457,#N/A,#N/A,#N/A,#N/A
http://irail.be/stations/NMBS/008885704,Mouscron,,Moeskroen,,,be,3.228448,50.741005,55.43352601,1975,1360,1343,12578
http://irail.be/stations/NMBS/008832409,Mol,,,,,be,5.116336,51.19105,59.75144509,2330,1226,1357,14233
http://irail.be/stations/NMBS/008812112,Mollem,,,,,be,4.216965,50.933473,36.13872832,347,69,46,1850
http://irail.be/stations/NMBS/008841459,Momalle,,,,,be,5.367602,50.66991,30.34682081,#N/A,#N/A,#N/A,#N/A
http://irail.be/stations/NMBS/008881000,Mons,,Bergen,,,be,3.942542,50.453854,146.6965318,9399,5160,4559,56714
http://irail.be/stations/NMBS/008861549,Mont-Saint-Guibert,,,,,be,4.613884,50.637611,31.50867052,441,145,95,2445
http://irail.be/stations/NMBS/008893062,Moortsele,,,,,be,3.781339,50.953519,26.70809249,#N/A,#N/A,#N/A,#N/A
http://irail.be/stations/NMBS/008882230,Morlanwelz,,,,,be,4.247367,50.457998,26.02312139,#N/A,#N/A,#N/A,#N/A
http://irail.be/stations/NMBS/008821147,Mortsel,,,,,be,4.448437,51.18296,67.68786127,545,315,104,3144
http://irail.be/stations/NMBS/008821154,Mortsel-Deurnesteenweg,,,,,be,4.446514,51.183023,6.829479769,#N/A,#N/A,#N/A,#N/A
http://irail.be/stations/NMBS/008821246,Mortsel-Liersesteenweg,,,,,be,4.468843,51.169027,25.10693642,205,145,1,1171
http://irail.be/stations/NMBS/008821238,Mortsel-Oude God,,,,,be,4.455737,51.171256,64.89306358,764,617,646,5083
http://irail.be/stations/NMBS/008861150,Moustier,,,,,be,4.693807,50.452748,16.42774566,#N/A,#N/A,#N/A,#N/A
http://irail.be/stations/NMBS/008822426,Muizen,,,,,be,4.513843,51.008201,32.61560694,#N/A,#N/A,#N/A,#N/A
http://irail.be/stations/NMBS/008895232,Munkzwalm,,,,,be,3.733238,50.875673,28.58959538,#N/A,#N/A,#N/A,#N/A
http://irail.be/stations/NMBS/008863453,Namêche,,,,,be,4.997939,50.47043,24.32080925,#N/A,#N/A,#N/A,#N/A
http://irail.be/stations/NMBS/008863008,Namur,,Namen,,,be,4.86222,50.468794,202.1878613,21590,8822,8835,125607
http://irail.be/stations/NMBS/008864964,Naninne,,,,,be,4.929756,50.419695,27.20520231,#N/A,#N/A,#N/A,#N/A
http://irail.be/stations/NMBS/008864915,Natoye,,,,,be,5.06116,50.343296,3.624277457,#N/A,#N/A,#N/A,#N/A
http://irail.be/stations/NMBS/008832615,Neerpelt,,,,,be,5.43717,51.222369,18.5433526,#N/A,#N/A,#N/A,#N/A
http://irail.be/stations/NMBS/008833670,Neerwinden,,,,,be,5.036323,50.763964,18.13872832,157,66,50,901
http://irail.be/stations/NMBS/008844230,Nessonvaux,,,,,be,5.741581,50.572089,33.01445087,368,152,125,2117
http://irail.be/stations/NMBS/008866258,Neufchâteau,,,,,be,5.452559,49.854318,19.02890173,#N/A,#N/A,#N/A,#N/A
http://irail.be/stations/NMBS/008883121,Neufvilles,,,,,be,4.010672,50.543602,18.57225434,#N/A,#N/A,#N/A,#N/A
http://irail.be/stations/NMBS/008824240,Niel,,,,,be,4.338589,51.111595,15.45086705,#N/A,#N/A,#N/A,#N/A
http://irail.be/stations/NMBS/008894714,Nieuwkerken-Waas,,,,,be,4.185907,51.185612,30.43352601,#N/A,#N/A,#N/A,#N/A
http://irail.be/stations/NMBS/008821667,Nijlen,,,,,be,4.666588,51.15984,29.56936416,#N/A,#N/A,#N/A,#N/A
http://irail.be/stations/NMBS/008881315,Nimy,,,,,be,3.956089,50.471644,25.8583815,112,47,36,643
http://irail.be/stations/NMBS/008895760,Ninove,,,,,be,4.026133,50.839509,29.24566474,1394,310,277,7557
http://irail.be/stations/NMBS/008814209,Nivelles,,Nijvel,,,be,4.335065,50.599641,96.32947977,4485,1258,1011,24694
http://irail.be/stations/NMBS/008821105,Noorderkempen,,,,,be,4.632204,51.356838,26.29768786,1026,665,795,6590
http://irail.be/stations/NMBS/008811247,Nossegem,,,,,be,4.506112,50.883314,49.15317919,571,335,196,3386
http://irail.be/stations/NMBS/008871332,Obaix-Buzet,,,,,be,4.36357,50.535206,21.86416185,246,0,0,1230
http://irail.be/stations/NMBS/008881406,Obourg,,,,,be,4.007804,50.469873,21.24277457,#N/A,#N/A,#N/A,#N/A
http://irail.be/stations/NMBS/008895778,Okegem,,,,,be,4.054557,50.857712,26.86416185,#N/A,#N/A,#N/A,#N/A
http://irail.be/stations/NMBS/008832458,Olen,,,,,be,4.847585,51.188057,45.52890173,545,190,208,3123
http://irail.be/stations/NMBS/008891702,Oostende,Ostende,,,,be,2.925809,51.228212,59.89595376,6652,5070,6126,44456
http://irail.be/stations/NMBS/008891116,Oostkamp,,,,,be,3.257466,51.154114,25.86705202,175,74,67,1016
http://irail.be/stations/NMBS/008812146,Opwijk,,,,,be,4.187319,50.974779,38.79190751,#N/A,#N/A,#N/A,#N/A
http://irail.be/stations/NMBS/008811601,Ottignies,,,,,be,4.56936,50.673667,253.4710983,21977,8530,8941,127356
http://irail.be/stations/NMBS/008833134,Oud-Heverlee,,,,,be,4.653311,50.835931,49.89595376,180,98,142,1140
http://irail.be/stations/NMBS/008893518,Oudegem,,,,,be,4.064472,51.01523,15.07514451,#N/A,#N/A,#N/A,#N/A
http://irail.be/stations/NMBS/008892601,Oudenaarde,Audenarde,,,,be,3.600386,50.850116,82.91618497,3342,1130,847,18687
http://irail.be/stations/NMBS/008832573,Overpelt,,,,,be,5.422751,51.215618,18.5433526,256,130,174,1584
http://irail.be/stations/NMBS/008865540,Paliseul,,,,,be,5.118349,49.895408,16.57514451,#N/A,#N/A,#N/A,#N/A
http://irail.be/stations/NMBS/008886561,Papegem,Papignies,Papegem,Papignies,Papignies,be,3.823408,50.686585,27.1416185,129,113,74,832
http://irail.be/stations/NMBS/008811775,Pécrot,,,,,be,4.651486,50.778517,49.89595376,#N/A,#N/A,#N/A,#N/A
http://irail.be/stations/NMBS/008844206,Pepinster,,,,,be,5.80615,50.568179,62.93641618,1113,358,282,6205
http://irail.be/stations/NMBS/008844313,Pepinster-Cité,,,,,be,5.804397,50.563405,21.78323699,#N/A,#N/A,#N/A,#N/A
http://irail.be/stations/NMBS/008884855,Péruwelz,,,,,be,3.592772,50.513704,31.72543353,683,276,227,3918
http://irail.be/stations/NMBS/008873122,Philippeville,,,,,be,4.535956,50.191639,31.23988439,272,46,61,1467
http://irail.be/stations/NMBS/008871415,Piéton,,,,,be,4.288438,50.434959,26.02312139,#N/A,#N/A,#N/A,#N/A
http://irail.be/stations/NMBS/008865227,Poix-Saint-Hubert,,,,,be,5.292641,50.019504,18.94219653,#N/A,#N/A,#N/A,#N/A
http://irail.be/stations/NMBS/008871365,Pont-à-Celles,,,,,be,4.355291,50.513812,28.72254335,99,32,24,551
http://irail.be/stations/NMBS/008843141,Pont-de-Seraing,,,,,be,5.510162,50.619651,25.46820809,348,38,28,1806
http://irail.be/stations/NMBS/008896735,Poperinge,,,,,be,2.736343,50.854449,22.44508671,768,503,615,4958
http://irail.be/stations/NMBS/008842689,Poulseur,,,,,be,5.578858,50.509209,45.97687861,#N/A,#N/A,#N/A,#N/A
http://irail.be/stations/NMBS/008811544,Profondsart,,,,,be,4.549153,50.693758,18.28323699,248,109,68,1417
http://irail.be/stations/NMBS/008873312,Pry,,,,,be,4.428805,50.269278,10.28901734,#N/A,#N/A,#N/A,#N/A
http://irail.be/stations/NMBS/008822715,Puurs,,,,,be,4.282703,51.07722,43.31791908,1489,845,746,9036
http://irail.be/stations/NMBS/008884541,Quaregnon,,,,,be,3.856543,50.449827,58.34104046,400,209,190,2399
http://irail.be/stations/NMBS/008881505,Quevy,,,,,be,3.909489,50.341534,22.15606936,#N/A,#N/A,#N/A,#N/A
http://irail.be/stations/NMBS/008884335,Quievrain,,,,,be,3.68608,50.410103,24.67052023,418,243,238,2571
http://irail.be/stations/NMBS/008886587,Rebaix,,,,,be,3.793627,50.661235,27.1416185,127,55,47,737
http://irail.be/stations/NMBS/008841442,Remicourt,,,,,be,5.321407,50.678611,30.34682081,#N/A,#N/A,#N/A,#N/A
http://irail.be/stations/NMBS/008892908,Ronse,Renaix,,,,be,3.602552,50.742506,17.48554913,#N/A,#N/A,#N/A,#N/A
http://irail.be/stations/NMBS/008861440,Rhisnes,,,,,be,4.801866,50.499348,30.82080925,#N/A,#N/A,#N/A,#N/A
http://irail.be/stations/NMBS/008814167,Sint-Genesius-Rode,Rhode-Saint-Genèse,,,,be,4.361997,50.74781,51.69653179,1695,428,260,9163
http://irail.be/stations/NMBS/008842705,Rivage,,,,,be,5.587631,50.483285,45.97687861,#N/A,#N/A,#N/A,#N/A
http://irail.be/stations/NMBS/008811536,Rixensart,,,,,be,4.532855,50.711413,30.73410405,1742,451,355,9516
http://irail.be/stations/NMBS/008896800,Roeselare,Roulers,,,,be,3.130412,50.949025,35.27456647,2846,1084,1091,16405
http://irail.be/stations/NMBS/008861119,Ronet,,,,,be,4.82842,50.457737,16.42774566,140,63,73,836
http://irail.be/stations/NMBS/008871217,Roux,,,,,be,4.393199,50.443112,30.09248555,#N/A,#N/A,#N/A,#N/A
http://irail.be/stations/NMBS/008814365,Ruisbroek,,,,,be,4.295333,50.79183,49.05491329,1019,482,300,5877
http://irail.be/stations/NMBS/008822848,Ruisbroek-Sauvegarde,,,,,be,4.324998,51.081022,15.45086705,#N/A,#N/A,#N/A,#N/A
http://irail.be/stations/NMBS/008861432,Saint-Denis-Bovesse,,,,,be,4.767788,50.5213,30.82080925,#N/A,#N/A,#N/A,#N/A
http://irail.be/stations/NMBS/008884004,Saint-Ghislain,,,,,be,3.820253,50.44286,71.51445087,1895,619,532,10626
http://irail.be/stations/NMBS/008814449,Sint-Job,Saint-Job,,,,be,4.362761,50.79441,59.68208092,#N/A,#N/A,#N/A,#N/A
http://irail.be/stations/NMBS/008864956,Sart-Bernard,,,,,be,4.949739,50.406373,27.20520231,#N/A,#N/A,#N/A,#N/A
http://irail.be/stations/NMBS/008811007,Schaarbeek/Schaerbeek,Schaerbeek,Schaarbeek,,,be,4.378636,50.878513,135.0433526,3292,1781,1117,19358
http://irail.be/stations/NMBS/008893070,Scheldewindeke,,,,,be,3.777842,50.937069,26.70809249,#N/A,#N/A,#N/A,#N/A
http://irail.be/stations/NMBS/008824232,Schelle,,,,,be,4.340261,51.12551,15.45086705,#N/A,#N/A,#N/A,#N/A
http://irail.be/stations/NMBS/008893542,Schellebelle,,,,,be,3.921373,51.003149,35.61849711,565,145,130,3100
http://irail.be/stations/NMBS/008895711,Schendelbeke,,,,,be,3.899286,50.797844,26.86416185,#N/A,#N/A,#N/A,#N/A
http://irail.be/stations/NMBS/008893526,Schoonaarde,,,,,be,4.011094,51.003149,21.43352601,351,106,128,1989
http://irail.be/stations/NMBS/008831088,Schulen,,,,,be,5.187405,50.963758,32.47398844,247,103,122,1460
http://irail.be/stations/NMBS/008863446,Sclaigneaux,,,,,be,5.026363,50.492247,24.32080925,#N/A,#N/A,#N/A,#N/A
http://irail.be/stations/NMBS/008843133,Sclessin,,,,,be,5.558911,50.609844,21.87861272,#N/A,#N/A,#N/A,#N/A
http://irail.be/stations/NMBS/008893583,Serskamp,,,,,be,3.959361,50.984397,20.5433526,242,91,76,1377
http://irail.be/stations/NMBS/008883436,Silly,,Opzullik,,,be,3.935863,50.662386,35.12716763,939,254,270,5219
http://irail.be/stations/NMBS/008812013,Simonis,,,,,be,4.32898,50.863645,19.43352601,230,120,95,1365
http://irail.be/stations/NMBS/008894425,Sinaai,,,,,be,4.06894,51.143398,39.11849711,306,105,123,1758
http://irail.be/stations/NMBS/008892692,Sint-Denijs-Boekel,,,,,be,3.698395,50.874297,22.97109827,#N/A,#N/A,#N/A,#N/A
http://irail.be/stations/NMBS/008893443,Sint-Gillis-Dendermonde,Saint-Gilles-lez-Termonde,,,,be,4.117832,51.021693,36.34104046,#N/A,#N/A,#N/A,#N/A
http://irail.be/stations/NMBS/008833159,Sint-Joris-Weert,,,,,be,4.651728,50.800631,49.89595376,#N/A,#N/A,#N/A,#N/A
http://irail.be/stations/NMBS/008822228,Sint-Katelijne-Waver,Wavre-Sainte-Catherine,,,,be,4.496116,51.069975,31.93930636,767,395,312,4542
http://irail.be/stations/NMBS/008821543,Sint-Mariaburg,,,,,be,4.4349,51.291658,22.24277457,#N/A,#N/A,#N/A,#N/A
http://irail.be/stations/NMBS/008812245,Sint-Martens-Bodegem,Bodeghem-Saint-Martin,,,,be,4.205081,50.86716,39.12138728,502,147,122,2779
http://irail.be/stations/NMBS/008894508,Sint-Niklaas,Saint-Nicolas,,,,be,4.142966,51.171472,127.583815,7995,4057,4226,48258
http://irail.be/stations/NMBS/008831807,Sint-Truiden,Saint-Trond,,,,be,5.176654,50.81762,37.95375723,1465,708,689,8722
http://irail.be/stations/NMBS/008893260,Sleidinge,,,,,be,3.667526,51.126607,20.71098266,#N/A,#N/A,#N/A,#N/A
http://irail.be/stations/NMBS/008883113,Soignies,,Zinnik,,,be,4.067519,50.572763,61.78323699,2482,820,667,13897
http://irail.be/stations/NMBS/008871662,Solre-sur-Sambre,,,,,be,4.158427,50.312642,20.73410405,#N/A,#N/A,#N/A,#N/A
http://irail.be/stations/NMBS/008844404,Spa,,,,,be,5.855096,50.490305,21.78323699,#N/A,#N/A,#N/A,#N/A
http://irail.be/stations/NMBS/008844420,Spa-Géronstère,,,,,be,5.866207,50.489307,21.78323699,#N/A,#N/A,#N/A,#N/A
http://irail.be/stations/NMBS/008843406,Statte,,,,,be,5.219676,50.528276,43.37861272,#N/A,#N/A,#N/A,#N/A
http://irail.be/stations/NMBS/008862018,Stockem,,,,,be,5.769115,49.690939,19.02890173,#N/A,#N/A,#N/A,#N/A
http://irail.be/stations/NMBS/008842853,Sy,,,,,be,5.523565,50.403254,25.34682081,#N/A,#N/A,#N/A,#N/A
http://irail.be/stations/NMBS/008874609,Tamines,,,,,be,4.608823,50.432235,50.99710983,1698,519,352,9361
http://irail.be/stations/NMBS/008894672,Temse,,,,,be,4.221352,51.126085,24.45375723,577,278,299,3462
http://irail.be/stations/NMBS/008895448,Terhagen,,,,,be,3.896653,50.901643,18.1734104,#N/A,#N/A,#N/A,#N/A
http://irail.be/stations/NMBS/008812252,Ternat,,,,,be,4.16534,50.874522,39.31213873,865,328,291,4944
http://irail.be/stations/NMBS/008833266,Testelt,,,,,be,4.945829,51.009864,32.47398844,234,73,67,1310
http://irail.be/stations/NMBS/008844339,Theux,,,,,be,5.815031,50.536159,21.78323699,#N/A,#N/A,#N/A,#N/A
http://irail.be/stations/NMBS/008881455,Thieu,,,,,be,4.098523,50.46954,25.8583815,#N/A,#N/A,#N/A,#N/A
http://irail.be/stations/NMBS/008871811,Thuin,,,,,be,4.288906,50.342738,20.73410405,#N/A,#N/A,#N/A,#N/A
http://irail.be/stations/NMBS/008884350,Thulin,,,,,be,3.744708,50.423335,24.67052023,113,50,46,661
http://irail.be/stations/NMBS/008821964,Tielen,,,,,be,4.893089,51.241021,48.52601156,498,36,51,2577
http://irail.be/stations/NMBS/008892254,Tielt,,,,,be,3.330341,50.990842,19.89017341,803,302,363,4680
http://irail.be/stations/NMBS/008833308,Tienen,Tirlemont,,Thienen,,be,4.92581,50.80802,77.36416185,4056,1171,1151,22602
http://irail.be/stations/NMBS/008842630,Tilff,,,,,be,5.583937,50.570624,25.43930636,#N/A,#N/A,#N/A,#N/A
http://irail.be/stations/NMBS/008872553,Tilly,,,,,be,4.552676,50.558084,20.16184971,232,59,54,1273
http://irail.be/stations/NMBS/008895638,Tollembeek,,,,,be,3.992828,50.735522,21.73699422,338,144,103,1937
http://irail.be/stations/NMBS/008831310,Tongeren,Tongres,,Tongern,,be,5.47328,50.784405,49.94508671,833,362,315,4842
http://irail.be/stations/NMBS/008891314,Torhout,,,,,be,3.105871,51.064707,34.90462428,1681,575,592,9572
http://irail.be/stations/NMBS/008885001,Tournai,,Doornik,,,be,3.396942,50.613134,109.7890173,6428,2073,2447,36660
http://irail.be/stations/NMBS/008845203,Trois-Ponts,,,,,be,5.873578,50.368214,21.60693642,#N/A,#N/A,#N/A,#N/A
http://irail.be/stations/NMBS/008844271,Trooz,,,,,be,5.688346,50.573213,33.01445087,#N/A,#N/A,#N/A,#N/A
http://irail.be/stations/NMBS/008883808,Tubize,,Tubeke,,,be,4.205729,50.691708,76.80057803,2679,1597,948,15940
http://irail.be/stations/NMBS/008821907,Turnhout,,,,,be,4.937415,51.322032,48.52601156,1556,141,178,8099
http://irail.be/stations/NMBS/008814134,Ukkel-Kalevoet/Uccle-Calevoet,Uccle-Calevoet,Ukkel-Kalevoet,,,be,4.332207,50.791749,29.75722543,978,336,119,5345
http://irail.be/stations/NMBS/008814126,Ukkel-Stalle/Uccle-Stalle,Uccle-Stalle,Ukkel-Stalle,,,be,4.323901,50.802411,21.7283237,257,178,62,1525
http://irail.be/stations/NMBS/008811270,Veltem,,,,,be,4.633516,50.900519,49.15317919,391,163,78,2196
http://irail.be/stations/NMBS/008833050,Vertrijk,,,,,be,4.835522,50.836282,18.13872832,592,151,120,3231
http://irail.be/stations/NMBS/008844008,Verviers-Central,,Verviers-Centraal,,,be,5.854917,50.588135,82.1734104,4795,3226,3095,30296
http://irail.be/stations/NMBS/008844057,Verviers-Palais,,Verviers-Paleis,,,be,5.865335,50.590921,21.01445087,#N/A,#N/A,#N/A,#N/A
http://irail.be/stations/NMBS/008892304,Veurne,Furnes,,,,be,2.66994,51.073867,19.82369942,415,249,449,2773
http://irail.be/stations/NMBS/008895612,Viane-Moerbeke,,,,,be,3.917337,50.751981,21.73699422,#N/A,#N/A,#N/A,#N/A
http://irail.be/stations/NMBS/008896230,Vichte,,,,,be,3.39163,50.833657,22.65028902,#N/A,#N/A,#N/A,#N/A
http://irail.be/stations/NMBS/008845146,Vielsalm,,,,,be,5.909211,50.278933,21.60693642,#N/A,#N/A,#N/A,#N/A
http://irail.be/stations/NMBS/008895489,Vijfhuizen,,,,,be,3.98125,50.943254,7.297687861,#N/A,#N/A,#N/A,#N/A
http://irail.be/stations/NMBS/008884632,Ville-Pommerœul,,,,,be,3.724248,50.464542,4.947976879,#N/A,#N/A,#N/A,#N/A
http://irail.be/stations/NMBS/008872579,Villers-la-Ville,,,,,be,4.533349,50.578103,20.16184971,#N/A,#N/A,#N/A,#N/A
http://irail.be/stations/NMBS/008811189,Vilvoorde,Vilvorde,,,,be,4.432823,50.924583,130.4132948,5945,3094,2525,35344
http://irail.be/stations/NMBS/008866407,Virton,,,,,be,5.519125,49.560821,24.04046243,#N/A,#N/A,#N/A,#N/A
http://irail.be/stations/NMBS/008846201,Visé,,Wezet,,,be,5.692544,50.73776,35.62716763,#N/A,#N/A,#N/A,#N/A
http://irail.be/stations/NMBS/008866118,Viville,,,,,be,5.786527,49.688243,19.02890173,#N/A,#N/A,#N/A,#N/A
http://irail.be/stations/NMBS/008841327,Voroux,,,,,be,5.429556,50.66181,21.08381503,#N/A,#N/A,#N/A,#N/A
http://irail.be/stations/NMBS/008893815,Waarschoot,,,,,be,3.615353,51.154608,20.71098266,#N/A,#N/A,#N/A,#N/A
http://irail.be/stations/NMBS/008873007,Walcourt,,,,,be,4.435879,50.259219,33.21676301,#N/A,#N/A,#N/A,#N/A
http://irail.be/stations/NMBS/008896149,Waregem,,,,,be,3.42551,50.892456,59.24566474,2451,1343,1316,14914
http://irail.be/stations/NMBS/008841400,Waremme,,Borgworm,,,be,5.249475,50.694549,50.84104046,2003,480,383,10878
http://irail.be/stations/NMBS/008814266,Waterloo,,,,,be,4.383481,50.715422,51.69653179,1958,576,293,10659
http://irail.be/stations/NMBS/008811429,Watermaal/Watermael,Watermael,Watermaal,,,be,4.399887,50.80917,18.28323699,308,206,193,1939
http://irail.be/stations/NMBS/008811726,Wavre,,Waver,,,be,4.604778,50.716267,54.97398844,#N/A,#N/A,#N/A,#N/A
http://irail.be/stations/NMBS/008822251,Weerde,,,,,be,4.470937,50.977449,41.92485549,647,266,227,3728
http://irail.be/stations/NMBS/008844503,Welkenraedt,,,,,be,5.975381,50.659707,51.56647399,1971,1126,1145,12126
http://irail.be/stations/NMBS/008895851,Welle,,,,,be,4.05062,50.903279,18.1734104,#N/A,#N/A,#N/A,#N/A
http://irail.be/stations/NMBS/008896396,Wervik,,,,,be,3.046983,50.781861,22.44508671,760,350,420,4570
http://irail.be/stations/NMBS/008822525,Wespelaar-Tildonk,,,,,be,4.638011,50.958544,43.94219653,#N/A,#N/A,#N/A,#N/A
http://irail.be/stations/NMBS/008893559,Wetteren,,,,,be,3.881883,51.001603,74.60693642,2712,808,666,15034
http://irail.be/stations/NMBS/008896370,Wevelgem,,,,,be,3.18352,50.811526,22.44508671,533,380,432,3477
http://irail.be/stations/NMBS/008833233,Wezemaal,,,,,be,4.747679,50.956261,66.71676301,616,322,266,3668
http://irail.be/stations/NMBS/008893534,Wichelen,,,,,be,3.969195,51.001962,15.07514451,246,90,84,1404
http://irail.be/stations/NMBS/008833175,Wijgmaal,,,,,be,4.701475,50.92274,43.94219653,570,184,191,3225
http://irail.be/stations/NMBS/008821436,Wildert,,,,,be,4.46335,51.428087,22.24277457,#N/A,#N/A,#N/A,#N/A
http://irail.be/stations/NMBS/008822608,Willebroek,,,,,be,4.356019,51.066343,27.86705202,526,387,328,3345
http://irail.be/stations/NMBS/008821709,Wolfstee,,,,,be,4.786144,51.168361,12.65895954,#N/A,#N/A,#N/A,#N/A
http://irail.be/stations/NMBS/008893211,Wondelgem,,,,,be,3.719071,51.088357,20.71098266,#N/A,#N/A,#N/A,#N/A
http://irail.be/stations/NMBS/008873239,Yves-Gomezée,,,,,be,4.492709,50.237133,13.89884393,#N/A,#N/A,#N/A,#N/A
http://irail.be/stations/NMBS/008863545,Yvoir,,,,,be,4.878643,50.32084,34.16763006,#N/A,#N/A,#N/A,#N/A
http://irail.be/stations/NMBS/008895737,Zandbergen,,,,,be,3.957653,50.806986,26.86416185,246,46,55,1331
http://irail.be/stations/NMBS/008811221,Zaventem,,,,,be,4.469886,50.885723,72.32947977,1677,907,585,9877
http://irail.be/stations/NMBS/008891264,Zedelgem,,,,,be,3.16414,51.127047,32.83236994,636,315,370,3865
http://irail.be/stations/NMBS/008891553,Zeebrugge-Dorp,,,,,be,3.19517,51.326383,7.760115607,#N/A,#N/A,#N/A,#N/A
http://irail.be/stations/NMBS/008891173,Zeebrugge-Strand,,,,,be,3.186666,51.324549,5.74566474,0,153,136,289
http://irail.be/stations/NMBS/008894235,Zele,,,,,be,4.041999,51.073256,24.2283237,#N/A,#N/A,#N/A,#N/A
http://irail.be/stations/NMBS/008812062,Zellik,,,,,be,4.274541,50.890028,38.58959538,781,128,102,4135
http://irail.be/stations/NMBS/008833274,Zichem,,,,,be,4.987359,51.00669,32.47398844,260,96,94,1490
http://irail.be/stations/NMBS/008892635,Zingem,,,,,be,3.646384,50.908025,24.41618497,421,153,121,2379
http://irail.be/stations/NMBS/008832250,Zolder,,,,,be,5.3299,51.033548,28.39306358,93,66,61,592
http://irail.be/stations/NMBS/008832334,Zonhoven,,,,,be,5.348815,50.989557,28.39306358,#N/A,#N/A,#N/A,#N/A
http://irail.be/stations/NMBS/008895208,Zottegem,,,,,be,3.81441,50.869102,78.16473988,4360,1109,934,23843
http://irail.be/stations/NMBS/008891611,Zwankendamme,,,,,be,3.191557,51.306409,0,#N/A,#N/A,#N/A,#N/A
http://irail.be/stations/NMBS/008894821,Zwijndrecht,,,,,be,4.32978,51.214108,30.43352601,401,0,0,2005
http://irail.be/stations/NMBS/008400058,Amsterdam CS,,,,,nl,4.900272,52.379128,44.92774566,#N/A,#N/A,#N/A,#N/A
http://irail.be/stations/NMBS/008400280,Den Haag HS,,,,,nl,4.299999,52.083329,28.87572254,#N/A,#N/A,#N/A,#N/A
http://irail.be/stations/NMBS/008400180,Dordrecht,,,,,nl,4.666668,51.799998,28.87572254,#N/A,#N/A,#N/A,#N/A
http://irail.be/stations/NMBS/008400219,Eijsden,,,,,nl,5.709786,50.772135,32.37283237,#N/A,#N/A,#N/A,#N/A
http://irail.be/stations/NMBS/008400424,Maastricht,,,,,nl,5.683331,50.85,32.37283237,#N/A,#N/A,#N/A,#N/A
http://irail.be/stations/NMBS/008400426,Maastricht Randwyck,,,,,nl,5.716707,50.838502,32.37283237,#N/A,#N/A,#N/A,#N/A
http://irail.be/stations/NMBS/008400526,Roosendaal,,,,,nl,4.466667,51.533333,49.06069364,#N/A,#N/A,#N/A,#N/A
http://irail.be/stations/NMBS/008400530,Rotterdam CS,,,,,nl,4.469424,51.925093,45.0867052,#N/A,#N/A,#N/A,#N/A
http://irail.be/stations/NMBS/008400561,Schiphol,,,,,nl,4.762268,52.308294,45.0867052,#N/A,#N/A,#N/A,#N/A
http://irail.be/stations/NMBS/008727149,Aéroport Charles-de-Gaulle TGV,,,,,fr,2.571123,49.003955,11.80635838,#N/A,#N/A,#N/A,#N/A
http://irail.be/stations/NMBS/008731388,Haute-Picardie TGV,,,,,fr,2.802566,49.623044,1.962427746,#N/A,#N/A,#N/A,#N/A
http://irail.be/stations/NMBS/008731901,Aix-en-Provence TGV,,,,,fr,5.317243,43.455128,3.971098266,#N/A,#N/A,#N/A,#N/A
http://irail.be/stations/NMBS/008728685,Annappes,,,,,fr,3.1473086,50.6228168,3.36416185,#N/A,#N/A,#N/A,#N/A
http://irail.be/stations/NMBS/008775767,Antibes,,,,,fr,7.1201361,43.586618,1,#N/A,#N/A,#N/A,#N/A
http://irail.be/stations/NMBS/008728686,Ascq,,,,,fr,3.166666,50.616666,18.38728324,#N/A,#N/A,#N/A,#N/A
http://irail.be/stations/NMBS/008731896,Avignon TGV,,,,,fr,4.785841,43.921433,5.020231214,#N/A,#N/A,#N/A,#N/A
http://irail.be/stations/NMBS/008728687,Baisieux,,,,,fr,3.2378999,50.610039,19.58092486,#N/A,#N/A,#N/A,#N/A
http://irail.be/stations/NMBS/008775762,Cannes,,,,,fr,7.019895,43.553742,1,#N/A,#N/A,#N/A,#N/A
http://irail.be/stations/NMBS/008718201,Colmar,,,,,fr,7.366668,48.083335,2.057803468,#N/A,#N/A,#N/A,#N/A
http://irail.be/stations/NMBS/008728105,Croix l'Allumette,,,,,fr,3.13381,50.675708,1.057803468,#N/A,#N/A,#N/A,#N/A
http://irail.be/stations/NMBS/008728671,Croix Wasquehal,,,,,fr,3.149272,50.6764687,2.037572254,#N/A,#N/A,#N/A,#N/A
http://irail.be/stations/NMBS/008728606,Hellemmes,,,,,fr,3.108892,50.626941,5.696531792,#N/A,#N/A,#N/A,#N/A
http://irail.be/stations/NMBS/008775544,Les Arcs - Draguignan,,,,,fr,6.4826446,43.4555673,1,#N/A,#N/A,#N/A,#N/A
http://irail.be/stations/NMBS/008728710,Lezennes,,,,,fr,3.116667,50.616666,7.36416185,#N/A,#N/A,#N/A,#N/A
http://irail.be/stations/NMBS/008722326,Lille Europe,,Rijsel-Europa,,,fr,3.071516,50.636108,12.60982659,#N/A,#N/A,#N/A,#N/A
http://irail.be/stations/NMBS/008728600,Lille Flandres,,Rijsel-Vlaanderen,,,fr,3.066669,50.633333,57.44797688,#N/A,#N/A,#N/A,#N/A
http://irail.be/stations/NMBS/008772319,Lyon Part Dieu TGV,,,,,fr,4.8594013,45.7612738,11.30924855,#N/A,#N/A,#N/A,#N/A
http://irail.be/stations/NMBS/008772202,Lyon-Perrache TGV,,,,,fr,4.825301,45.74836,1,#N/A,#N/A,#N/A,#N/A
http://irail.be/stations/NMBS/008776290,Lyon-Saint Exupéry TGV,,,,,fr,5.075822,45.720907,0.497109827,#N/A,#N/A,#N/A,#N/A
http://irail.be/stations/NMBS/008711184,Marne-la-Vallée - Chessy,,,,,fr,2.782184,48.868256,11.80635838,#N/A,#N/A,#N/A,#N/A
http://irail.be/stations/NMBS/008775100,Marseille-Saint-Charles,,,,,fr,5.380752,43.303178,5.965317919,#N/A,#N/A,#N/A,#N/A
http://irail.be/stations/NMBS/008719203,Metz,,,,,fr,6.166663,49.13333,2.057803468,#N/A,#N/A,#N/A,#N/A
http://irail.be/stations/NMBS/008777300,Montpellier,,,,,fr,3.880534,43.604947,3.898843931,#N/A,#N/A,#N/A,#N/A
http://irail.be/stations/NMBS/008718206,Mulhouse,,,,,fr,7.333336,47.749998,2.057803468,#N/A,#N/A,#N/A,#N/A
http://irail.be/stations/NMBS/008775605,Nice Ville,,,,,fr,7.261928,43.704605,1,#N/A,#N/A,#N/A,#N/A
http://irail.be/stations/NMBS/008777500,Nîmes,,,,,fr,4.365997,43.832602,3.898843931,#N/A,#N/A,#N/A,#N/A
http://irail.be/stations/NMBS/008727100,Paris Nord,,Parijs Noord,,,fr,2.3553093,48.8809984,27.99421965,#N/A,#N/A,#N/A,#N/A
http://irail.be/stations/NMBS/008728683,Pont de Bois,,,,,fr,3.1275,50.624164,12.28612717,#N/A,#N/A,#N/A,#N/A
http://irail.be/stations/NMBS/008728673,Roubaix,,,,,fr,3.166666,50.699997,20.45953757,#N/A,#N/A,#N/A,#N/A
http://irail.be/stations/NMBS/008718213,Saint-Louis-Haut-Rhin,,,,,fr,7.555316,47.5907,0.222543353,#N/A,#N/A,#N/A,#N/A
http://irail.be/stations/NMBS/008775752,Saint-Raphaël-Valescure,,,,,fr,6.768825,43.423456,1,#N/A,#N/A,#N/A,#N/A
http://irail.be/stations/NMBS/008721222,Saverne,,,,,fr,7.362255,48.744798,0.511560694,#N/A,#N/A,#N/A,#N/A
http://irail.be/stations/NMBS/008721405,Selestat,,,,,fr,7.449999,48.26667,2.057803468,#N/A,#N/A,#N/A,#N/A
http://irail.be/stations/NMBS/008721202,Strasbourg,,Straatsburg,Straßburg,,fr,7.733905,48.585437,2.057803468,#N/A,#N/A,#N/A,#N/A
http://irail.be/stations/NMBS/008719100,Thionville,,,,,fr,6.166663,49.366663,2.057803468,#N/A,#N/A,#N/A,#N/A
http://irail.be/stations/NMBS/008778110,Narbonne,,,,,fr,3.00601,43.190399,0.355491329,#N/A,#N/A,#N/A,#N/A
http://irail.be/stations/NMBS/008778100,Béziers,,,,,fr,3.218794,43.336177,0.355491329,#N/A,#N/A,#N/A,#N/A
http://irail.be/stations/NMBS/008774100,Chambéry-Challes-les-Eaux,,,,,fr,5.919756,45.571498,0.014450867,#N/A,#N/A,#N/A,#N/A
http://irail.be/stations/NMBS/008774164,Albertville,,,,,fr,6.383617,45.673624,0.014450867,#N/A,#N/A,#N/A,#N/A
http://irail.be/stations/NMBS/008774172,Moûtiers-Salins-Brides-les-Bai,,,,,fr,6.531454,45.486693,0.014450867,#N/A,#N/A,#N/A,#N/A
http://irail.be/stations/NMBS/008774176,Aime-la-Plagne,,,,,fr,6.648394,45.554202,0.014450867,#N/A,#N/A,#N/A,#N/A
http://irail.be/stations/NMBS/008774177,Landry,,,,,fr,6.733522,45.574194,0.014450867,#N/A,#N/A,#N/A,#N/A
http://irail.be/stations/NMBS/008774179,Bourg-Saint-Maurice,,,,,fr,6.771664,45.618826,0.014450867,#N/A,#N/A,#N/A,#N/A
http://irail.be/stations/NMBS/008778127,Agde,,,,,fr,3.4658,43.317498,0.355491329,#N/A,#N/A,#N/A,#N/A
http://irail.be/stations/NMBS/008777320,Sète,,,,,fr,3.696535,43.41281,0.355491329,#N/A,#N/A,#N/A,#N/A
http://irail.be/stations/NMBS/008778400,Perpignan,,,,,fr,2.879397,42.695938,0.355491329,#N/A,#N/A,#N/A,#N/A
http://irail.be/stations/NMBS/008775500,Toulon,,,,,fr,5.9326648,43.1274781,2.968208092,#N/A,#N/A,#N/A,#N/A
http://irail.be/stations/NMBS/008728654,Tourcoing,,,,,fr,3.168033,50.716663,20.45953757,#N/A,#N/A,#N/A,#N/A
http://irail.be/stations/NMBS/008776302,Valence TGV,,,,,fr,4.978529,44.992586,6.895953757,#N/A,#N/A,#N/A,#N/A
http://irail.be/stations/NMBS/008015345,Aachen Hbf,Aix-la-Chapelle Hbf,Aken Hbf,,,de,6.105275,50.770832,33.26300578,#N/A,#N/A,#N/A,#N/A
http://irail.be/stations/NMBS/008008094,Düsseldorf Hbf,,,,,de,6.794319,51.219962,4.222543353,#N/A,#N/A,#N/A,#N/A
http://irail.be/stations/NMBS/008039904,Düsseldorf Flughafen Hbf,,,,,de,6.786837,51.292008,1.398843931,#N/A,#N/A,#N/A,#N/A
http://irail.be/stations/NMBS/008010184,Essen Hbf,,,,,de,4.4512862,51.451355,4.222543353,#N/A,#N/A,#N/A,#N/A
http://irail.be/stations/NMBS/008010316,Duisburg Hbf,,,,,de,6.7759037,51.42978,2.812138728,#N/A,#N/A,#N/A,#N/A
http://irail.be/stations/NMBS/008011090,Frankfurt am Main Flughafen,Francfort-sur-le-Main Aéroport,Frankfurt am Main Luchthaven,,Frankfurt am Main Airport,de,8.569853,50.051696,5.716763006,#N/A,#N/A,#N/A,#N/A
http://irail.be/stations/NMBS/008011068,Frankfurt am Main Hbf,Francfort-sur-le-Main Hbf,,,,de,8.6653708,50.1071318,5.716763006,#N/A,#N/A,#N/A,#N/A
http://irail.be/stations/NMBS/008015458,Köln Hbf,Cologne Hbf,Keulen Hbf,,,de,6.958823,50.942721,12.54046243,#N/A,#N/A,#N/A,#N/A
http://irail.be/stations/NMBS/008015588,Siegburg,,,,,de,7.203029,50.793916,1.74566474,#N/A,#N/A,#N/A,#N/A
http://irail.be/stations/NMBS/008032572,Limburg Süd,,,,,de,8.096112,50.3825,0.777456647,#N/A,#N/A,#N/A,#N/A
http://irail.be/stations/NMBS/008200510,Bertrange Strassen,,,,,lu,6.060601,49.613002,28.58959538,#N/A,#N/A,#N/A,#N/A
http://irail.be/stations/NMBS/008200134,Clervaux,,,,,lu,6.031393,50.054724,17.14739884,#N/A,#N/A,#N/A,#N/A
http://irail.be/stations/NMBS/008200133,Drauffelt,,,,,lu,6.006106,50.017778,17.14739884,#N/A,#N/A,#N/A,#N/A
http://irail.be/stations/NMBS/008200120,Ettelbréck,Ettelbruck,Ettelbruck,Ettelbrück,,lu,6.104169,49.847496,17.14739884,#N/A,#N/A,#N/A,#N/A
http://irail.be/stations/NMBS/008200518,Capellen,,,,,lu,5.982265,49.638463,26.22254335,#N/A,#N/A,#N/A,#N/A
http://irail.be/stations/NMBS/008200130,Kautebaach,Kautenbach,Kautenbach,Kautenbach,,lu,6.020003,49.952777,17.14739884,#N/A,#N/A,#N/A,#N/A
http://irail.be/stations/NMBS/008200520,Klengbetten,Kleinbettingen,Kleinbettingen,Kleinbettingen,,lu,5.916385,49.646389,26.83236994,#N/A,#N/A,#N/A,#N/A
http://irail.be/stations/NMBS/008200100,Lëtzebuerg,Luxembourg,Luxemburg,Luxemburg,,lu,6.133331,49.599996,146.6011561,#N/A,#N/A,#N/A,#N/A
http://irail.be/stations/NMBS/008200516,Mamer,,,,,lu,6.02014,49.625663,26.22254335,#N/A,#N/A,#N/A,#N/A
http://irail.be/stations/NMBS/008210014,Mamer-Lycée,,,,,lu,6.02968,49.618415,21.16184971,#N/A,#N/A,#N/A,#N/A
http://irail.be/stations/NMBS/008200110,Mersch,,,,,lu,6.106111,49.748893,17.10404624,#N/A,#N/A,#N/A,#N/A
http://irail.be/stations/NMBS/008200940,Rodange,,,,,lu,5.845028,49.551283,82.24277457,#N/A,#N/A,#N/A,#N/A
http://irail.be/stations/NMBS/008200136,Troisvierges,,,,,lu,6.000281,50.121109,17.14739884,#N/A,#N/A,#N/A,#N/A
http://irail.be/stations/NMBS/008200132,Wilwerwiltz,,,,,lu,5.999166,49.988887,17.14739884,#N/A,#N/A,#N/A,#N/A
http://irail.be/stations/NMBS/008500010,Basel,,Bazel,,,ch,7.590716,47.547408,2.057803468,#N/A,#N/A,#N/A,#N/A
http://irail.be/stations/NMBS/007015440,Ebbsfleet International,,,,,gb,0.32107,51.44304,0,#N/A,#N/A,#N/A,#N/A
http://irail.be/stations/NMBS/007015400,London Saint Pancras International,Londres Saint Pancras,Londen Saint Pancras,,,gb,-0.1260606,51.5310399,0,#N/A,#N/A,#N/A,#N/A
http://irail.be/stations/NMBS/008815016,Thurn en Taxis/Tour et Taxis,Tour et Taxis,Thurn en Taxis,Tour et Taxis,Thurn en Taxis,be,4.3485929,50.8642714,0,159,125,124,1044
http://irail.be/stations/NMBS/008811403,Mouterij/Germoir,Germoir,Mouterij,Germoir,Mouterij,be,4.37866,50.829929,0,187,82,100,1117
http://irail.be/stations/NMBS/008814472,Arcaden/Arcades,Arcades,Arcaden,,,be,4.398333,50.809722,0,#N/A,#N/A,#N/A,#N/A
